ID,Player,Year,Team,Type,Pos,Cat,Game,Retro,Official,Cross,Code,X,Notes,Accepted
1907A0002,barrj103,1907,BOS,O,,G,PHA190705291,1,0,1907A0003,,,Officially no LF in game,
1907A0003,barrj103,1907,BOS,O,,AB,PHA190705291,2,0,1907A0009,,,Officially no LF in game,
1907A0004,barrj103,1907,BOS,O,,AB,BOS190706220,4,3,,,,,
1907A0005,barrj103,1907,BOS,O,,AB,BOS190706270,3,2,,,,,
1907A0006,barrj103,1907,BOS,O,,AB,BOS190707252,3,4,,,,,
1907A0007,barrj103,1907,BOS,O,,AB,NYA190708270,3,2,,,,,
1907A0008,barrj103,1907,BOS,O,,AB,NYA190709031,4,3,,,,,
1907A0009,barrj103,1907,BOS,O,,H,PHA190705291,1,0,1907A0010,,,Officially no LF in game,
1907A0010,barrj103,1907,BOS,O,,2B,PHA190705291,1,0,1907A0013,,,Officially no LF in game,
1907A0012,barrj103,1907,BOS,O,,SH,CHA190707211,0,1,,PAA,,,
1907A0013,barrj103,1907,BOS,D,OF,G,PHA190705291,1,0,1907A0002,,,Officially no LF in game,
1907A0015,barrj103,1907,BOS,D,OF,LFG,,100,96,,,,Games by outfield position not kept officially,Y
1907A0016,barrj103,1907,BOS,D,OF,CFG,,0,3,,,,Games by outfield position not kept officially,Y
1907A0019,collj103,1907,BOS,O,,AB,,160,158,,,,Sheets show 160 AB,
1907A0021,congb101,1907,BOS,O,,AB,,497,496,,,,Sheets show 497 AB,
1907A0022,congb101,1907,BOS,O,,AB,CLE190708230,4,3,,,,,
1907A0023,congb101,1907,BOS,O,,AB,BOS190709270,4,3,,,,,
1907A0025,congb101,1907,BOS,O,,SH,BOS190707290,0,1,,PAA,,,
1907A0026,congb101,1907,BOS,D,OF,ERR,BOS190707270,1,0,,,,,
1907A0027,crigl101,1907,BOS,O,,G,CHA190708140,1,0,,,,Officially no C in game,
1907A0028,crigl101,1907,BOS,O,,G,BOS190709071,1,0,1907A0031,,,,
1907A0029,crigl101,1907,BOS,O,,AB,CHA190708140,4,0,1907A0027,,,,
1907A0030,crigl101,1907,BOS,O,,H,CHA190708140,1,0,1907A0027,,,,
1907A0031,crigl101,1907,BOS,O,,AB,BOS190709071,2,0,1907A0035,,,,
1907A0033,crigl101,1907,BOS,D,C,G,,74,75,,,,Sheets show 74 G at C,
1907A0034,crigl101,1907,BOS,D,C,G,CHA190708140,1,0,1907A0027,,,Officially no C in game,
1907A0035,crigl101,1907,BOS,D,C,G,BOS190709071,1,0,1907A0106,,,,
1907A0038,ferrh101,1907,BOS,O,,AB,BOS190709102,3,4,,,,,
1907A0039,ferrh101,1907,BOS,O,,H,,133,135,,,,Sheets show 133 G,
1907A0040,ferrh101,1907,BOS,O,,3B,,3,2,,,,Sheets show 3 3B,
1907A0042,ferrh101,1907,BOS,O,,SH,BOS190709250,1,0,,,,,
1907A0043,ferrh101,1907,BOS,D,2B,ERR,,31,30,,,,Sheets show 31 ERR,
1907A0045,freeb102,1907,BOS,O,,SH,,1,0,,,,Sheets show 1 SH,
1907A0047,grimm101,1907,BOS,O,,G,BOS190706171,1,0,1907A0049,,,,
1907A0048,grimm101,1907,BOS,O,,G,DET190708220,1,0,1907A0050,,,,
1907A0049,grimm101,1907,BOS,O,,AB,BOS190706171,1,0,1907A0047,,,,
1907A0050,grimm101,1907,BOS,O,,AB,DET190708220,1,0,1907A0048,,,,
1907A0052,grimm101,1907,BOS,O,,SH,BOS190710010,0,1,,,,,
1907A0053,grimm101,1907,BOS,D,1B,ERR,PHA190709120,0,1,,,,,
1907A0054,grimm101,1907,BOS,D,1B,ERR,PHA190709142,0,1,,,,,
1907A0056,grimm101,1907,BOS,D,2B,ERR,BOS190707270,0,1,,,,,
1907A0057,grimm101,1907,BOS,D,OF,G,,17,18,,,,Games by position not clear on sheet,
1907A0058,grimm101,1907,BOS,D,OF,LFG,,0,1,,,,Games by outfield position not kept officially,Y
1907A0059,grimm101,1907,BOS,D,OF,CFG,,1,0,,,,Games by outfield position not kept officially,Y
1907A0060,grimm101,1907,BOS,D,OF,RFG,,16,17,,,,Games by outfield position not kept officially,Y
1907A0061,harrj102,1907,BOS,O,,AB,BOS190706242,1,2,,,,,
1907A0063,hoeyj101,1907,BOS,O,,G,BOS190708082,1,0,,,,,
1907A0064,hoeyj101,1907,BOS,O,,G,BOS190708090,1,0,,,,,
1907A0065,hoeyj101,1907,BOS,O,,G,BOS190709250,1,0,,,,,
1907A0066,hoeyj101,1907,BOS,O,,H,BOS190709200,1,0,,,,,
1907A0068,hoeyj101,1907,BOS,D,OF,LFG,,18,17,,,,Games by outfield position not kept officially,Y
1907A0069,hoeyj101,1907,BOS,D,OF,CFG,,3,4,,,,Games by outfield position not kept officially,Y
1907A0070,knigj102,1907,BOS,O,,G,BOS190709102,1,0,1907A0072,,,,
1907A0071,knigj102,1907,BOS,O,,AB,BOS190706100,4,3,,,,,
1907A0072,knigj102,1907,BOS,O,,AB,BOS190709102,1,0,1907A0078,,,,
1907A0074,knigj102,1907,BOS,O,,3B,,4,3,,,,Sheets show 4 3B,
1907A0076,knigj102,1907,BOS,O,,SH,DET190707060,1,0,,,,,
1907A0077,knigj102,1907,BOS,D,SS,G,BOS190709090,0,1,1907A0079,,,Officially 2 SS and no 3B in game,
1907A0078,knigj102,1907,BOS,D,SS,G,BOS190709102,1,0,1907A0070,,,,
1907A0079,knigj102,1907,BOS,D,3B,G,BOS190709090,1,0,1907A0077,,,Officially 2 SS and no 3B in game,
1907A0080,knigj102,1907,BOS,D,3B,ERR,BOS190709071,1,0,,,,,
1907A0082,mcgud101,1907,BOS,O,,G,,5,6,,,,Sheets show 5 G,
1907A0083,mcgud101,1907,BOS,O,,G,DET190708210,1,0,1907A0084,,,,
1907A0084,mcgud101,1907,BOS,O,,AB,DET190708210,1,0,1907A0083,,,,
1907A0085,mcgud101,1907,BOS,O,,AB,BOS190709102,1,0,,,,,
1907A0087,morgc102,1907,BOS,D,P,ERR,BOS190709210,1,0,,,,,
1907A0090,paref101,1907,BOS,D,2B,G,,4,5,,,,Sheets show 4 G at 2B,
1907A0091,paref101,1907,BOS,D,3B,G,,11,7,,,,Sheets show 11 G at 3B,
1907A0092,paref101,1907,BOS,D,3B,G,WS1190709180,1,0,1907A0094,,,Officially 2 SS and no 3B in game,
1907A0093,paref101,1907,BOS,D,3B,G,BOS190709250,0,1,,,,,
1907A0094,paref101,1907,BOS,D,SS,G,WS1190709180,0,1,1907A0092,,,Officially 2 SS and no 3B in game,
1907A0096,paref101,1907,BOS,D,OF,G,,46,47,,,,Sheets show 46 G in OF,
1907A0099,paref101,1907,BOS,D,OF,LFG,,27,26,,,,Games by outfield position not kept officially,Y
1907A0100,paref101,1907,BOS,D,OF,CFG,,10,13,,,,Games by outfield position not kept officially,Y
1907A0102,pruit101,1907,BOS,O,,SH,BOS190705010,1,0,,,,,
1907A0103,pruit101,1907,BOS,D,P,ERR,BOS190706080,0,1,,,,,
1907A0104,pruit101,1907,BOS,D,P,ERR,BOS190708082,0,2,,,,,
1907A0106,shawa101,1907,BOS,O,,G,BOS190709071,0,1,1907A0107,,,,
1907A0107,shawa101,1907,BOS,O,,AB,BOS190709071,0,2,1907A0109,,,,
1907A0109,shawa101,1907,BOS,D,C,G,BOS190709071,0,1,1907A0111,,,,
1907A0110,shawa101,1907,BOS,D,C,ERR,BOS190707270,1,0,,,,,
1907A0111,shawa101,1907,BOS,D,C,ERR,BOS190709071,0,1,1907A0028,,,,
1907A0112,shawa101,1907,BOS,D,C,ERR,PHA190709120,1,0,,,,,
1907A0114,speat101,1907,BOS,O,,G,PHA190709120,1,0,1907A0116,,,,
1907A0115,speat101,1907,BOS,O,,G,BOS190709240,0,1,1907A0117,,,,
1907A0116,speat101,1907,BOS,O,,AB,PHA190709120,2,0,1907A0119,,,,
1907A0117,speat101,1907,BOS,O,,AB,BOS190709240,0,1,1907A0115,,,,
1907A0119,speat101,1907,BOS,D,OF,G,PHA190709120,1,0,1907A0120,,,,
1907A0120,speat101,1907,BOS,D,OF,RFG,PHA190709120,1,0,1907A0114,,,,Y
1907A0121,sulld101,1907,BOS,O,,G,,143,144,,,,Sheets show 143 G,
1907A0122,sulld101,1907,BOS,O,,AB,BOS190709102,4,3,,,,,
1907A0126,sulld101,1907,BOS,D,OF,G,,142,143,,,,Sheets show 142 G in OF,
1907A0127,sulld101,1907,BOS,D,OF,CFG,,142,143,,,,Games by outfield position not kept officially,Y
1907A0128,tannj101,1907,BOS,O,,H,CHA190705180,1,0,,,,,
1907A0129,tannj101,1907,BOS,O,,2B,,2,3,,,,Sheets show 2 2B,
1907A0130,tannj101,1907,BOS,O,,SH,SLA190707160,1,0,,,,,
1907A0131,unglb101,1907,BOS,O,,AB,,543,544,,,,Sheets show 543 AB,
1907A0132,unglb101,1907,BOS,O,,AB,BOS190706210,4,3,,,,,
1907A0133,unglb101,1907,BOS,O,,AB,BOS190709102,3,4,,,,,
1907A0134,unglb101,1907,BOS,O,,AB,BOS190709280,3,4,,,,,
1907A0135,unglb101,1907,BOS,O,,2B,,22,17,,,,Sheets show 22 2B,
1907A0136,unglb101,1907,BOS,O,,3B,,15,13,,,,Sheets show 15 3B,
1907A0138,unglb101,1907,BOS,O,,SH,BOS190709250,1,0,,,,,
1907A0139,unglb101,1907,BOS,D,1B,ERR,BOS190706070,1,2,,,,,
1907A0141,wagnh103,1907,BOS,O,,2B,,9,10,,,,Sheets show 9 2B,
1907A0143,wagnh103,1907,BOS,O,,SH,BOS190709250,0,1,,,,,
1907A0144,wagnh103,1907,BOS,O,,SH,BOS190710020,0,1,,,,,
1907A0145,wagnh103,1907,BOS,D,SS,ERR,BOS190707270,2,0,,,,,
1907A0146,wagnh103,1907,BOS,D,SS,ERR,BOS190708082,1,0,,,,,
1907A0148,younc102,1907,BOS,O,,G,,44,46,,,,Sheets show 44 G,
1907A0149,younc102,1907,BOS,O,,AB,,124,125,,,,Sheets show 124 AB,
1907A0150,younc102,1907,BOS,O,,AB,BOS190706100,3,2,,,,,
1907A0151,younc102,1907,BOS,O,,AB,CLE190707120,4,5,,PAA,,,
1907A0152,younc102,1907,BOS,O,,H,,26,27,,,,Sheets show 26 H,
1907A0155,altrn101,1907,CHA,O,,AB,,71,72,,,,Sheets show 71 AB,
1907A0157,davig102,1907,CHA,O,,AB,,463,466,,,,Sheets show 463 AB,
1907A0158,davig102,1907,CHA,O,,AB,WS1190709210,4,3,,,,,
1907A0159,davig102,1907,CHA,O,,2B,,18,16,,,,Sheets show 18 2B,
1907A0161,davig102,1907,CHA,D,SS,G,CHA190705130,0,1,,,,,
1907A0162,davig102,1907,CHA,D,SS,ERR,PHA190706040,0,1,,,,,
1907A0163,donaj103,1907,CHA,O,,AB,CHA190707010,3,4,,,,,
1907A0164,donaj103,1907,CHA,O,,AB,WS1190709210,3,4,,,,,
1907A0165,donaj103,1907,CHA,O,,3B,,5,4,,,,Sheets show 5 3B,
1907A0167,donaj103,1907,CHA,D,1B,ERR,CLE190707042,1,0,,,,,
1907A0169,dougp102,1907,CHA,O,,G,,147,148,,,,Sheets show 147 G,
1907A0170,dougp102,1907,CHA,O,,3B,,3,2,,,,Sheets show 3 3B,
1907A0173,dougp102,1907,CHA,D,OF,G,,147,148,,,,Sheets show 147 G in OF,
1907A0174,dougp102,1907,CHA,D,OF,ERR,CHA190709030,1,0,,,,,
1907A0175,dougp102,1907,CHA,D,OF,LFG,,147,148,,,,Games by outfield position not kept officially,Y
1907A0176,fienl101,1907,CHA,O,,AB,CHA190709021,1,0,,,,,
1907A0177,hahne101,1907,CHA,O,,G,,157,156,,,,Sheets show 157 G,
1907A0178,hahne101,1907,CHA,O,,AB,BOS190708082,5,4,,,,,
1907A0179,hahne101,1907,CHA,O,,AB,BOS190709270,4,3,,,,,
1907A0180,hahne101,1907,CHA,O,,2B,,10,9,,,,Sheets show 10 2B,
1907A0182,hahne101,1907,CHA,O,,SH,PHA190706040,1,0,,,,,
1907A0183,hahne101,1907,CHA,O,,SH,SLA190706260,1,0,,,,,
1907A0184,hahne101,1907,CHA,D,OF,G,,157,156,,,,Sheets show 157 G in OF,
1907A0185,hahne101,1907,CHA,D,OF,RFG,,157,156,,,,Games by outfield position not kept officially,Y
1907A0186,harth101,1907,CHA,O,,G,CHA190705070,1,0,1907A0187,,,,
1907A0187,harth101,1907,CHA,O,,AB,CHA190705070,1,0,1907A0188,,,,
1907A0188,harth101,1907,CHA,O,,H,CHA190705070,1,0,1907A0186,,,,
1907A0191,hickc101,1907,CHA,O,,G,,18,21,,,,Sheets show 18 G,
1907A0192,hickc101,1907,CHA,O,,G,CHA190708220,1,0,1907A0198,,,,
1907A0193,hickc101,1907,CHA,O,,G,CLE190708280,1,0,1907A0199,,,,
1907A0194,hickc101,1907,CHA,O,,G,CHA190709021,1,0,1907A0200,,,,
1907A0195,hickc101,1907,CHA,O,,G,CHA190709030,1,0,1907A0201,,,,
1907A0196,hickc101,1907,CHA,O,,G,NYA190710020,1,0,1907A0202,,,,
1907A0197,hickc101,1907,CHA,O,,AB,,25,23,,,,Sheets show 25 AB,
1907A0198,hickc101,1907,CHA,O,,AB,CHA190708220,2,0,1907A0211,,,,
1907A0199,hickc101,1907,CHA,O,,AB,CLE190708280,1,0,1907A0278,,,,
1907A0200,hickc101,1907,CHA,O,,AB,CHA190709021,1,0,1907A0206,,,,
1907A0201,hickc101,1907,CHA,O,,AB,CHA190709030,1,0,1907A0204,,,,
1907A0202,hickc101,1907,CHA,O,,AB,NYA190710020,2,0,1907A0205,PAA,,,
1907A0203,hickc101,1907,CHA,O,,R,,2,1,,,,Sheets show 2 R,
1907A0204,hickc101,1907,CHA,O,,R,CHA190709030,1,0,1907A0195,OPP,,,
1907A0205,hickc101,1907,CHA,O,,R,NYA190710020,1,0,1907A0207,OPP,,,
1907A0206,hickc101,1907,CHA,O,,H,CHA190709021,1,0,1907A0194,,,,
1907A0207,hickc101,1907,CHA,O,,H,NYA190710020,1,0,1907A0212,,,,
1907A0208,hickc101,1907,CHA,O,,2B,,1,2,,,,Sheets show 1 2B,
1907A0211,hickc101,1907,CHA,D,OF,G,CHA190708220,1,0,1907A0192,,,,
1907A0212,hickc101,1907,CHA,D,OF,G,NYA190710020,1,0,1907A0196,,,,
1907A0213,hickc101,1907,CHA,D,OF,LFG,,3,0,,,,Games by outfield position not kept officially,Y
1907A0214,hickc101,1907,CHA,D,OF,RFG,,2,3,,,,Games by outfield position not kept officially,Y
1907A0215,isbef101,1907,CHA,O,,AB,BOS190706200,3,4,,,,,
1907A0216,isbef101,1907,CHA,O,,H,PHA190706040,2,1,,,,,
1907A0217,isbef101,1907,CHA,O,,2B,,22,19,,,,Sheets show 22 2B,
1907A0218,isbef101,1907,CHA,O,,3B,,8,7,,,,Sheets show 8 3B,
1907A0220,isbef101,1907,CHA,O,,SH,BOS190708100,0,1,,,,,
1907A0224,jonef102,1907,CHA,O,,AB,SLA190704110,3,4,,,,,
1907A0225,jonef102,1907,CHA,O,,AB,WS1190709202,5,4,,,,,
1907A0226,jonef102,1907,CHA,O,,H,SLA190704110,3,1,,,,,
1907A0228,jonef102,1907,CHA,O,,SH,CHA190707150,1,0,,,,,
1907A0229,jonef102,1907,CHA,O,,SH,BOS190708082,0,1,,,,,
1907A0230,jonef102,1907,CHA,O,,SH,SLA190709112,0,1,,,,,
1907A0232,mcfae101,1907,CHA,O,,G,WS1190707302,1,0,,,,,
1907A0233,mcfae101,1907,CHA,O,,2B,,10,9,,,,Sheets show 10 2B,
1907A0235,mcfae101,1907,CHA,D,C,ERR,WS1190707301,0,1,,,,,
1907A0237,pattr101,1907,CHA,D,P,ERR,PHA190706040,1,0,,,,,
1907A0238,quill101,1907,CHA,O,,G,CLE190704240,1,0,1907A0242,,,Officially no 3B in game,
1907A0239,quill101,1907,CHA,O,,G,BOS190706210,1,0,1907A0243,,,Officially no 3B in game,
1907A0240,quill101,1907,CHA,O,,G,CHA190706240,1,0,1907A0244,,,Officially no 3B in game,
1907A0241,quill101,1907,CHA,O,,G,BOS190708100,1,0,,,,,
1907A0242,quill101,1907,CHA,O,,AB,CLE190704240,3,0,1907A0250,,,Officially no 3B in game,
1907A0243,quill101,1907,CHA,O,,AB,BOS190706210,4,0,1907A0246,,,Officially no 3B in game,
1907A0244,quill101,1907,CHA,O,,AB,CHA190706240,4,0,1907A0245,,,Officially no 3B in game,
1907A0245,quill101,1907,CHA,O,,R,CHA190706240,1,0,1907A0247,OPP,,Officially no 3B in game,
1907A0246,quill101,1907,CHA,O,,H,BOS190706210,1,0,1907A0251,,,Officially no 3B in game,
1907A0247,quill101,1907,CHA,O,,H,CHA190706240,2,0,1907A0248,,,Officially no 3B in game,
1907A0248,quill101,1907,CHA,O,,2B,CHA190706240,1,0,1907A0252,,,Officially no 3B in game,
1907A0250,quill101,1907,CHA,D,3B,G,CLE190704240,1,0,1907A0238,,,Officially no 3B in game,
1907A0251,quill101,1907,CHA,D,3B,G,BOS190706210,1,0,1907A0239,,,Officially no 3B in game,
1907A0252,quill101,1907,CHA,D,3B,G,CHA190706240,1,0,1907A0240,,,Officially no 3B in game,
1907A0253,roheg101,1907,CHA,O,,2B,,13,11,,,,Sheets show 13 2B,
1907A0254,roheg101,1907,CHA,O,,3B,,3,2,,,,Sheets show 3 3B,
1907A0256,roheg101,1907,CHA,O,,SH,,17,19,,,,Sheets show 17 SH,
1907A0258,roheg101,1907,CHA,D,2B,ERR,,20,19,,,,Sheets show 20 ERR at 2B,
1907A0260,roheg101,1907,CHA,D,3B,G,PHA190706060,0,1,,,,,
1907A0261,roheg101,1907,CHA,D,3B,G,CHA190706300,1,0,1907A0264,,,Officially 2 SS and no 3B in game,
1907A0262,roheg101,1907,CHA,D,3B,G,CHA190707010,1,0,1907A0265,,,Officially 2 SS and no 3B in game,
1907A0264,roheg101,1907,CHA,D,SS,G,CHA190706300,0,1,1907A0261,,,Officially 2 SS and no 3B in game,
1907A0265,roheg101,1907,CHA,D,SS,G,CHA190707010,0,1,1907A0262,,,Officially 2 SS and no 3B in game,
1907A0266,roheg101,1907,CHA,D,SS,ERR,,12,11,,,,Sheets show 12 ERR at SS,
1907A0268,smitf106,1907,CHA,O,,2B,,4,3,,,,Sheets show 4 2B,
1907A0270,smitf106,1907,CHA,O,,SH,CHA190707110,1,0,,,,,
1907A0272,sullb102,1907,CHA,O,,R,PHA190706040,0,1,,OPP,,,
1907A0273,sullb102,1907,CHA,O,,H,CLE190707020,0,1,,,,,
1907A0274,sullb102,1907,CHA,O,,2B,,10,8,,,,Sheets show 10 2B,
1907A0275,sullb102,1907,CHA,O,,SH,PHA190709240,2,0,,,,,
1907A0278,walse101,1907,CHA,O,,AB,CLE190708280,2,3,1907A0193,,,,
1907A0281,weldm101,1907,CHA,O,,G,DET190704170,1,0,1907A0286,,,,
1907A0282,weldm101,1907,CHA,O,,G,DET190705010,1,0,1907A0287,,,,
1907A0284,weldm101,1907,CHA,O,,G,SLA190709130,1,0,1907A0289,,,,
1907A0285,weldm101,1907,CHA,O,,G,NYA190710030,0,1,,,,,
1907A0286,weldm101,1907,CHA,O,,AB,DET190704170,4,0,1907A0290,,,,
1907A0287,weldm101,1907,CHA,O,,AB,DET190705010,2,0,1907A0293,,,,
1907A0288,weldm101,1907,CHA,O,,AB,CHA190708140,1,0,,IMP,,Officially Welday had 1 H and 0 AB in game,
1907A0289,weldm101,1907,CHA,O,,AB,SLA190709130,1,0,1907A0284,,,,
1907A0290,weldm101,1907,CHA,O,,H,DET190704170,1,0,1907A0292,,,,
1907A0292,weldm101,1907,CHA,D,OF,G,DET190704170,1,0,1907A0281,,,,
1907A0293,weldm101,1907,CHA,D,OF,G,DET190705010,1,0,1907A0282,,,,
1907A0294,weldm101,1907,CHA,D,OF,LFG,,5,4,,,,Games by outfield position not kept officially,Y
1907A0295,weldm101,1907,CHA,D,OF,RFG,,4,3,,,,Games by outfield position not kept officially,Y
1907A0296,whitd104,1907,CHA,O,,G,NYA190710030,0,1,1907A0298,,,,
1907A0297,whitd104,1907,CHA,O,,AB,WS1190709210,2,3,,,,,
1907A0298,whitd104,1907,CHA,O,,AB,NYA190710030,0,1,1907A0305,,,,
1907A0299,whitd104,1907,CHA,O,,R,CHA190705070,1,0,,OPP,,,
1907A0301,whitd104,1907,CHA,O,,SH,SLA190706260,1,0,,,,,
1907A0302,whitd104,1907,CHA,O,,SH,CHA190707090,1,0,,,,,
1907A0303,whitd104,1907,CHA,D,OF,G,,1,2,,,,Sheets show 1 G in OF,
1907A0304,whitd104,1907,CHA,D,OF,RFG,,1,2,,,,Games by outfield position not kept officially,Y
1907A0305,whitd104,1907,CHA,D,P,ERR,NYA190710030,0,1,1907A0296,,,,
1907A0308,bay-h101,1907,CLE,O,,AB,,97,95,,,,Sheets show 97 AB,
1907A0309,bay-h101,1907,CLE,O,,SH,CHA190705060,1,0,,,,,
1907A0311,bay-h101,1907,CLE,D,OF,CFG,,24,23,,,,Games by outfield position not kept officially,Y
1907A0312,bemih101,1907,CLE,O,,AB,BOS190707310,3,4,,,,,
1907A0314,bemih101,1907,CLE,O,,SH,DET190709122,1,0,,,,,
1907A0315,bemih101,1907,CLE,D,C,G,CLE190709021,0,1,,,,,
1907A0316,bemih101,1907,CLE,D,C,G,CLE190709190,0,1,,,,,
1907A0318,bergh101,1907,CLE,O,,AB,CHA190705060,1,2,,,,,
1907A0322,birmj101,1907,CLE,O,,G,,136,137,,,,Sheets show 136 G,
1907A0323,birmj101,1907,CLE,O,,AB,,475,476,,,,Sheets show 475 AB,
1907A0324,birmj101,1907,CLE,O,,H,,113,112,,,,Sheets show 113 H,
1907A0325,birmj101,1907,CLE,O,,3B,,10,9,,,,Sheets show 10 3B,
1907A0327,birmj101,1907,CLE,O,,SH,DET190704130,1,0,,,,,
1907A0328,birmj101,1907,CLE,D,OF,G,,132,133,,,,Sheets show 132 G in OF,
1907A0330,birmj101,1907,CLE,D,OF,LFG,,18,17,,,,Games by outfield position not kept officially,Y
1907A0331,birmj101,1907,CLE,D,OF,CFG,,99,101,,,,Games by outfield position not kept officially,Y
1907A0332,bradb102,1907,CLE,O,,AB,,502,498,,,,Sheets show 502 AB,
1907A0333,bradb102,1907,CLE,O,,AB,NYA190706070,4,3,,,,,
1907A0335,bradb102,1907,CLE,O,,SH,SLA190706020,1,0,,,,,
1907A0336,bradb102,1907,CLE,D,3B,ERR,NYA190707270,2,0,,,,,
1907A0338,clarn101,1907,CLE,O,,AB,,391,390,,,,Sheets show 391 AB,
1907A0339,clarn101,1907,CLE,O,,2B,,21,19,,,,Sheets show 21 2B,
1907A0340,clarn101,1907,CLE,O,,3B,,7,6,,,,Sheets show 7 3B,
1907A0342,clarn101,1907,CLE,D,C,ERR,PHA190708060,2,0,,,,,
1907A0345,delaf101,1907,CLE,O,,G,PHA190706130,1,0,1907A0346,,,,
1907A0346,delaf101,1907,CLE,O,,AB,PHA190706130,1,0,1907A0345,,,,
1907A0347,delaf101,1907,CLE,D,OF,LFG,,10,9,,,,Games by outfield position not kept officially,Y
1907A0348,delaf101,1907,CLE,D,OF,RFG,,5,6,,,,Games by outfield position not kept officially,Y
1907A0349,flice101,1907,CLE,O,,AB,CHA190706240,4,5,,,,,
1907A0350,flice101,1907,CLE,O,,AB,DET190709122,4,5,,,,,
1907A0351,flice101,1907,CLE,O,,AB,CLE190709172,3,4,,,,,
1907A0352,flice101,1907,CLE,O,,H,CLE190705290,3,2,,,,,
1907A0353,flice101,1907,CLE,O,,2B,,17,15,,,,Sheets show 17 2B,
1907A0354,flice101,1907,CLE,O,,SH,DET190704130,2,0,,,,,
1907A0356,flice101,1907,CLE,D,OF,CFG,,24,23,,,,Games by outfield position not kept officially,Y
1907A0358,hesso101,1907,CLE,D,OF,G,PHA190708020,0,1,1907A0359,,,,
1907A0359,hesso101,1907,CLE,D,OF,LFG,PHA190708020,0,1,1907A0358,,,,Y
1907A0361,hinch101,1907,CLE,O,,2B,,1,3,,,,Sheets show 1 2B,
1907A0363,hinch101,1907,CLE,O,,SH,PHA190708060,1,0,,,,,
1907A0364,hinch101,1907,CLE,D,2B,ERR,BOS190707290,0,1,,,,,
1907A0366,hincb101,1907,CLE,O,,AB,BOS190706080,3,2,,,,,
1907A0367,hincb101,1907,CLE,O,,H,,118,117,,,,Sheets show 118 H,
1907A0368,hincb101,1907,CLE,O,,2B,,21,19,,,,Sheets show 21 2B,
1907A0370,hincb101,1907,CLE,D,1B,G,CLE190709172,1,0,,,,,
1907A0371,hincb101,1907,CLE,D,1B,G,CLE190709190,1,0,,,,,
1907A0373,hincb101,1907,CLE,D,OF,G,,149,148,,,,Sheets show 149 G in OF,
1907A0375,hincb101,1907,CLE,D,OF,LFG,,126,128,,,,Games by outfield position not kept officially,Y
1907A0376,hincb101,1907,CLE,D,OF,CFG,,15,14,,,,Games by outfield position not kept officially,Y
1907A0377,hincb101,1907,CLE,D,OF,RFG,,9,8,,,,Games by outfield position not kept officially,Y
1907A0380,lajon101,1907,CLE,O,,2B,,32,30,,,,Sheets show 32 2B,
1907A0384,liebg101,1907,CLE,O,,G,PHA190708060,1,0,,,,,
1907A0385,liebg101,1907,CLE,O,,SH,,12,2,,,,Sheets show 12 SH,
1907A0386,liebg101,1907,CLE,O,,SH,BOS190706100,2,1,,,,,
1907A0390,nillr101,1907,CLE,O,,2B,,2,1,,,,Sheets show 2 2B,
1907A0393,obrip102,1907,CLE,D,3B,G,,14,12,,,,Sheets show 14 G at 3B,
1907A0394,obrip102,1907,CLE,D,3B,G,CHA190706230,0,1,1907A0404,,,Officially 2 3B and no SS in game,
1907A0395,obrip102,1907,CLE,D,3B,G,CHA190706240,0,1,1907A0405,,,Officially 2 3B and no SS in game,
1907A0397,obrip102,1907,CLE,D,2B,G,,17,15,,,,Sheets show 17 G at 2B,
1907A0398,obrip102,1907,CLE,D,2B,G,DET190706280,0,1,1907A0409,,,Officially 2 2B and no SS in game,
1907A0399,obrip102,1907,CLE,D,2B,G,DET190706290,0,1,1907A0401,,,Officially 2 2B and no SS in game,
1907A0400,obrip102,1907,CLE,D,2B,ERR,,5,4,,,,Sheets show 5 ERR at 2B,
1907A0401,obrip102,1907,CLE,D,2B,ERR,DET190706290,0,1,1907A0410,,,Officially 2 2B and no SS in game,
1907A0402,obrip102,1907,CLE,D,3B,ERR,,6,3,,,,Sheets show 6 ERR at 3B,
1907A0403,obrip102,1907,CLE,D,3B,ERR,BOS190706120,1,0,,,,,
1907A0404,obrip102,1907,CLE,D,3B,ERR,CHA190706230,0,1,1907A0407,,,Officially 2 3B and no SS in game,
1907A0405,obrip102,1907,CLE,D,3B,ERR,CHA190706240,0,1,1907A0408,,,Officially 2 3B and no SS in game,
1907A0406,obrip102,1907,CLE,D,SS,G,,8,12,,,,Sheets show 8 G at SS,
1907A0407,obrip102,1907,CLE,D,SS,G,CHA190706230,1,0,1907A0412,,,Officially 2 3B and no SS in game,
1907A0408,obrip102,1907,CLE,D,SS,G,CHA190706240,1,0,1907A0413,,,Officially 2 3B and no SS in game,
1907A0409,obrip102,1907,CLE,D,SS,G,DET190706280,1,0,1907A0398,,,Officially 2 2B and no SS in game,
1907A0410,obrip102,1907,CLE,D,SS,G,DET190706290,1,0,1907A0414,,,Officially 2 2B and no SS in game,
1907A0411,obrip102,1907,CLE,D,SS,ERR,,3,7,,,,Sheets show 3 ERR at SS,
1907A0412,obrip102,1907,CLE,D,SS,ERR,CHA190706230,1,0,1907A0394,,,Officially 2 3B and no SS in game,
1907A0413,obrip102,1907,CLE,D,SS,ERR,CHA190706240,1,0,1907A0395,,,Officially 2 3B and no SS in game,
1907A0414,obrip102,1907,CLE,D,SS,ERR,DET190706290,1,0,1907A0399,,,Officially 2 2B and no SS in game,
1907A0416,rhoab101,1907,CLE,O,,AB,CHA190710050,4,3,,,,,
1907A0418,rhoab101,1907,CLE,O,,SH,DET190704220,1,0,,,,,
1907A0419,stovg101,1907,CLE,O,,AB,DET190704220,5,4,,,,,
1907A0420,stovg101,1907,CLE,O,,2B,,18,17,,,,Sheets show 18 2B,
1907A0421,stovg101,1907,CLE,O,,3B,,7,6,,,,Sheets show 7 2B,
1907A0423,stovg101,1907,CLE,O,,SH,SLA190706020,1,0,,,,,
1907A0427,turnt105,1907,CLE,O,,R,,58,57,,,,Sheets show 58 R,
1907A0430,wakeh101,1907,CLE,O,,3B,,1,0,,,,Sheets show 1 3B,
1907A0431,archj102,1907,DET,O,,G,DET190704130,1,0,1907A0432,,,,
1907A0432,archj102,1907,DET,O,,AB,DET190704130,1,0,1907A0431,,,,
1907A0433,archj102,1907,DET,O,,R,,4,6,,,,Sheets show 4 R,
1907A0435,archj102,1907,DET,O,,SH,,1,2,,,,Sheets show 1 SH,
1907A0437,cobbt101,1907,DET,O,,R,DET190707080,2,0,,OPP,,,Y
1907A0438,cobbt101,1907,DET,O,,2B,,29,28,,,,Sheets show 29 2B,
1907A0439,cobbt101,1907,DET,O,,3B,,15,14,,,,Sheets show 15 3B,
1907A0441,cobbt101,1907,DET,O,,SB,,54,53,,,,Sheets show 54 SB,
1907A0442,cobbt101,1907,DET,O,,SB,DET190706290,1,0,,,,,
1907A0445,cougb101,1907,DET,O,,R,NYA190706100,0,1,,OPP,,,
1907A0446,cougb101,1907,DET,O,,3B,,0,2,,,,Sheets show 0 3B,
1907A0447,cougb101,1907,DET,O,,3B,DET190705010,1,0,,,,,
1907A0448,cougb101,1907,DET,O,,SH,DET190706290,2,0,,,,,
1907A0450,cougb101,1907,DET,D,3B,ERR,DET190707050,0,1,,,,,
1907A0451,cougb101,1907,DET,D,3B,ERR,DET190709132,0,1,,,,,
1907A0453,craws101,1907,DET,O,,AB,CLE190709040,4,5,,,,,
1907A0454,craws101,1907,DET,O,,R,DET190708220,2,1,,OPP,,,
1907A0456,donob101,1907,DET,O,,G,DET190708170,1,0,1907A0459,,,,
1907A0457,donob101,1907,DET,O,,G,CLE190709040,1,0,,,,,
1907A0458,donob101,1907,DET,O,,AB,WS1190710030,4,3,,,,,
1907A0459,donob101,1907,DET,O,,R,DET190708170,1,0,1907A0492,,,,
1907A0461,donob101,1907,DET,O,,SH,DET190706260,0,1,,,,,
1907A0462,downr101,1907,DET,O,,R,PHA190706210,0,1,,OPP,,,
1907A0463,downr101,1907,DET,O,,H,DET190708160,2,0,,,,,
1907A0464,downr101,1907,DET,O,,2B,,12,13,,,,Sheets show 12 2B,
1907A0467,downr101,1907,DET,D,2B,ERR,BOS190707270,0,4,,,,,
1907A0470,downr101,1907,DET,D,OF,ERR,DET190707100,0,1,,,,,
1907A0472,eubaj101,1907,DET,O,,AB,,29,31,,,,Entry for 7-12 game is marked with an,
1907A0474,eubaj101,1907,DET,D,P,ERR,,2,3,,,,Sheets show 2 ERR at P,
1907A0476,jennh101,1907,DET,O,,G,DET190709131,1,0,,,,,
1907A0477,joned104,1907,DET,O,,AB,CLE190709040,5,4,,,,,
1907A0478,joned104,1907,DET,O,,2B,,11,10,,,,Sheets show 11 2B,
1907A0480,joned104,1907,DET,O,,SH,DET190708210,0,3,,PAA,,,
1907A0481,joned104,1907,DET,D,OF,G,,126,125,,,,Sheets show 126 G in OF,
1907A0482,joned104,1907,DET,D,OF,LFG,,122,121,,,,Games by outfield position not kept officially,Y
1907A0483,kille101,1907,DET,O,,AB,,124,122,,,,Sheets show 124 AB,
1907A0484,kille101,1907,DET,O,,3B,,4,3,,,,Sheets show 4 3B,
1907A0485,kille101,1907,DET,D,P,G,NYA190709211,0,1,,,,,
1907A0488,loweb101,1907,DET,D,OF,G,PHA190706200,0,1,1907A0489,,,,
1907A0489,loweb101,1907,DET,D,OF,CFG,PHA190706200,0,1,1907A0488,,,,Y
1907A0490,mullg102,1907,DET,O,,G,,71,70,,,,Sheets show 71 G,
1907A0491,mullg102,1907,DET,O,,AB,DET190708150,1,0,,,,,
1907A0492,mullg102,1907,DET,O,,R,DET190708170,0,1,1907A0456,,,,
1907A0494,oleac101,1907,DET,O,,G,,138,139,,,,Sheets show 138 G,
1907A0495,oleac101,1907,DET,O,,R,,60,61,,,,Sheets show 60 R,
1907A0497,oleac101,1907,DET,O,,SH,DET190708220,1,0,,,,,
1907A0499,oleac101,1907,DET,D,SS,G,,137,138,,,,Sheets show 137 G,
1907A0500,oleac101,1907,DET,D,SS,ERR,,44,48,,,,Sheets show 44 ERR at SS,
1907A0501,oleac101,1907,DET,D,SS,ERR,WS1190706170,0,3,,,,,
1907A0503,paynf101,1907,DET,O,,AB,DET190704170,0,1,,,,,
1907A0504,paynf101,1907,DET,O,,AB,BOS190709260,2,4,,,,,
1907A0505,paynf101,1907,DET,O,,R,CHA190709030,0,1,1907A0544,SWAP,,,
1907A0508,rossc101,1907,DET,O,,AB,DET190708270,2,4,,,,,
1907A0509,rossc101,1907,DET,O,,AB,CHA190709090,4,3,,,,,
1907A0510,rossc101,1907,DET,O,,R,DET190708290,0,1,1907A0519,,,,
1907A0511,rossc101,1907,DET,O,,H,DET190708290,2,1,1907A0513,,,,
1907A0512,rossc101,1907,DET,O,,2B,,24,21,,,,Sheets show 24 2B,
1907A0513,rossc101,1907,DET,O,,2B,DET190708290,0,1,1907A0511,,,,
1907A0514,rossc101,1907,DET,O,,SH,DET190708120,1,0,,,,,
1907A0515,rossc101,1907,DET,O,,SH,DET190709132,1,0,,,,,
1907A0517,schag101,1907,DET,O,,G,BOS190707252,1,0,1907A0520,,,,
1907A0518,schag101,1907,DET,O,,G,NYA190707310,1,0,,,,,
1907A0519,schag101,1907,DET,O,,G,DET190708290,1,0,1907A0521,,,,
1907A0520,schag101,1907,DET,O,,AB,BOS190707252,1,0,1907A0543,,,,
1907A0521,schag101,1907,DET,O,,R,DET190708290,1,0,1907A0510,,,,
1907A0523,schag101,1907,DET,D,3B,G,NYA190709200,1,0,1907A0539,,,Officially 2 SS and no 3B in game,
1907A0524,schag101,1907,DET,D,2B,G,WS1190710010,1,0,1907A0528,,,Officially 2 3B and no 2B in game,
1907A0525,schag101,1907,DET,D,2B,G,WS1190710021,1,0,1907A0534,,,Officially 2 3B and no 2B in game,
1907A0526,schag101,1907,DET,D,2B,G,WS1190710022,1,0,1907A0529,,,Officially 2 3B and no 2B in game,
1907A0527,schag101,1907,DET,D,2B,G,WS1190710030,1,0,1907A0536,,,Officially 2 3B and no 2B in game,
1907A0528,schag101,1907,DET,D,2B,ERR,WS1190710010,1,0,1907A0533,,,Officially 2 3B and no 2B in game,
1907A0529,schag101,1907,DET,D,2B,ERR,WS1190710022,1,0,1907A0535,,,Officially 2 3B and no 2B in game,
1907A0530,schag101,1907,DET,D,3B,G,,15,14,,,,Sheets show 15 G at 3B,
1907A0531,schag101,1907,DET,D,3B,G,NYA190709211,1,0,1907A0540,,,Officially 2 SS and no 3B in game,
1907A0532,schag101,1907,DET,D,3B,G,NYA190709212,1,0,1907A0541,,,Officially 2 SS and no 3B in game,
1907A0533,schag101,1907,DET,D,3B,G,WS1190710010,0,1,1907A0537,,,Officially 2 3B and no 2B in game,
1907A0534,schag101,1907,DET,D,3B,G,WS1190710021,0,1,1907A0525,,,Officially 2 3B and no 2B in game,
1907A0535,schag101,1907,DET,D,3B,G,WS1190710022,0,1,1907A0538,,,Officially 2 3B and no 2B in game,
1907A0536,schag101,1907,DET,D,3B,G,WS1190710030,0,1,1907A0527,,,Officially 2 3B and no 2B in game,
1907A0537,schag101,1907,DET,D,3B,ERR,WS1190710010,0,1,1907A0524,,,Officially 2 3B and no 2B in game,
1907A0538,schag101,1907,DET,D,3B,ERR,WS1190710022,0,1,1907A0526,,,Officially 2 3B and no 2B in game,
1907A0539,schag101,1907,DET,D,SS,G,NYA190709200,0,1,1907A0523,,,Officially 2 SS and no 3B in game,
1907A0540,schag101,1907,DET,D,SS,G,NYA190709211,0,1,1907A0531,,,Officially 2 SS and no 3B in game,
1907A0541,schag101,1907,DET,D,SS,G,NYA190709212,0,1,1907A0532,,,Officially 2 SS and no 3B in game,
1907A0542,schmb102,1907,DET,O,,G,DET190706220,1,0,1907A0546,,,,
1907A0543,schmb102,1907,DET,O,,AB,BOS190707252,3,4,1907A0517,,,,
1907A0544,schmb102,1907,DET,O,,R,CHA190709030,1,0,1907A0505,SWAP,,,
1907A0545,schmb102,1907,DET,O,,3B,,5,6,,,,Sheets show 5 3B,
1907A0546,schmb102,1907,DET,D,C,G,DET190706220,1,0,1907A0542,,,,
1907A0548,balln101,1907,NYA,O,,G,WS1190709110,1,0,1907A0550,,,Officially no SS in game,
1907A0549,balln101,1907,NYA,O,,AB,,48,44,,,,Sheets show 48 AB,
1907A0550,balln101,1907,NYA,O,,AB,WS1190709110,4,0,1907A0555,,,Officially no SS in game,
1907A0551,balln101,1907,NYA,O,,H,PHA190709160,1,0,,,,,
1907A0553,balln101,1907,NYA,D,2B,G,PHA190709170,1,0,1907A0556,,,Officially 2 SS and no 2B in game,
1907A0555,balln101,1907,NYA,D,SS,G,WS1190709110,1,0,1907A0548,,,Officially no SS in game,
1907A0556,balln101,1907,NYA,D,SS,G,PHA190709170,0,1,1907A0553,,,Officially 2 SS and no 2B in game,
1907A0557,balln101,1907,NYA,D,SS,ERR,NYA190709211,0,1,,,,,
1907A0558,bellr103,1907,NYA,O,,G,NYA190709140,1,0,,,,,
1907A0560,bellr103,1907,NYA,O,,H,NYA190709140,1,0,1907A0563,,,,
1907A0563,bellr103,1907,NYA,D,OF,G,NYA190709140,1,0,1907A0558,,,,
1907A0564,bellr103,1907,NYA,D,OF,LFG,,13,12,,,,Games by outfield position not kept officially,Y
1907A0565,bellr103,1907,NYA,D,OF,CFG,,1,0,,,,Games by outfield position not kept officially,Y
1907A0566,brocl101,1907,NYA,O,,G,WS1190704130,1,0,1907A0567,,,,
1907A0567,brocl101,1907,NYA,O,,AB,WS1190704130,3,0,1907A0568,,,,
1907A0568,brocl101,1907,NYA,D,OF,G,WS1190704130,1,0,1907A0569,,,,
1907A0569,brocl101,1907,NYA,D,OF,LFG,WS1190704130,1,0,1907A0566,,,,Y
1907A0570,brocl101,1907,NYA,D,OF,RFG,,1,0,,,,Games by outfield position not kept officially,Y
1907A0571,brocl101,1907,NYA,D,P,ERR,,2,3,,,,Sheets show 2 ERR at P,
1907A0575,conrw101,1907,NYA,O,,G,SLA190705210,1,0,1907A0577,,,Officially no LF in game,
1907A0576,conrw101,1907,NYA,O,,AB,,520,530,,,,Sheets show 536 AB,
1907A0577,conrw101,1907,NYA,O,,AB,SLA190705210,4,0,1907A0600,,,Officially no LF in game,
1907A0578,conrw101,1907,NYA,O,,AB,DET190708170,3,1,,,,,
1907A0579,conrw101,1907,NYA,O,,H,DET190708150,2,0,,,,,
1907A0581,conrw101,1907,NYA,O,,SH,SLA190708200,0,1,,,,,
1907A0583,conrw101,1907,NYA,D,SS,G,,40,38,,,,Sheets show 40 G at SS,
1907A0584,conrw101,1907,NYA,D,SS,G,CLE190707050,0,1,1907A0601,,,Officially 2 SS and no LF in game,
1907A0585,conrw101,1907,NYA,D,SS,G,CLE190707060,0,1,1907A0602,,,Officially 2 SS and no LF in game,
1907A0586,conrw101,1907,NYA,D,SS,G,DET190707100,0,1,1907A0603,,,Officially 2 SS and no LF in game,
1907A0587,conrw101,1907,NYA,D,SS,G,DET190707121,0,1,1907A0604,,,Officially 2 SS and no LF in game,
1907A0588,conrw101,1907,NYA,D,SS,G,DET190707122,0,1,1907A0605,,,Officially 2 SS and no LF in game,
1907A0589,conrw101,1907,NYA,D,SS,G,DET190707130,0,1,1907A0606,,,Officially 2 SS and no LF in game,
1907A0590,conrw101,1907,NYA,D,SS,G,CHA190707150,0,1,1907A0607,,,Officially 2 SS and no LF in game,
1907A0591,conrw101,1907,NYA,D,SS,G,CHA190707160,0,1,1907A0608,,,Officially 2 SS and no LF in game,
1907A0592,conrw101,1907,NYA,D,SS,G,CHA190707171,0,1,1907A0609,,,Officially 2 SS and no LF in game,
1907A0593,conrw101,1907,NYA,D,SS,G,CHA190707172,0,1,1907A0610,,,Officially 2 SS and no LF in game,
1907A0594,conrw101,1907,NYA,D,SS,G,CHA190707181,0,1,1907A0611,,,Officially 2 SS and no LF in game,
1907A0595,conrw101,1907,NYA,D,SS,G,CHA190707182,0,1,1907A0612,,,Officially 2 SS and no LF in game,
1907A0597,conrw101,1907,NYA,D,SS,G,DET190708180,1,0,1907A0613,,,Officially 2 LF and no SS in game,
1907A0598,conrw101,1907,NYA,D,OF,G,,101,100,,,,Sheets show 101 G in OF,
1907A0599,conrw101,1907,NYA,D,OF,G,WS1190704130,1,0,,,,,
1907A0600,conrw101,1907,NYA,D,OF,G,SLA190705210,1,0,1907A0575,,,Officially no LF in game,
1907A0601,conrw101,1907,NYA,D,OF,G,CLE190707050,1,0,1907A0584,,,Officially 2 SS and no LF in game,
1907A0602,conrw101,1907,NYA,D,OF,G,CLE190707060,1,0,1907A0585,,,Officially 2 SS and no LF in game,
1907A0603,conrw101,1907,NYA,D,OF,G,DET190707100,1,0,1907A0586,,,Officially 2 SS and no LF in game,
1907A0604,conrw101,1907,NYA,D,OF,G,DET190707121,1,0,1907A0587,,,Officially 2 SS and no LF in game,
1907A0605,conrw101,1907,NYA,D,OF,G,DET190707122,1,0,1907A0588,,,Officially 2 SS and no LF in game,
1907A0606,conrw101,1907,NYA,D,OF,G,DET190707130,1,0,1907A0589,,,Officially 2 SS and no LF in game,
1907A0607,conrw101,1907,NYA,D,OF,G,CHA190707150,1,0,1907A0590,,,Officially 2 SS and no LF in game,
1907A0608,conrw101,1907,NYA,D,OF,G,CHA190707160,1,0,1907A0591,,,Officially 2 SS and no LF in game,
1907A0609,conrw101,1907,NYA,D,OF,G,CHA190707171,1,0,1907A0592,,,Officially 2 SS and no LF in game,
1907A0610,conrw101,1907,NYA,D,OF,G,CHA190707172,1,0,1907A0593,,,Officially 2 SS and no LF in game,
1907A0611,conrw101,1907,NYA,D,OF,G,CHA190707181,1,0,1907A0594,,,Officially 2 SS and no LF in game,
1907A0612,conrw101,1907,NYA,D,OF,G,CHA190707182,1,0,1907A0595,,,Officially 2 SS and no LF in game,
1907A0613,conrw101,1907,NYA,D,OF,G,DET190708180,0,1,1907A0597,,,Officially 2 LF and no SS in game,
1907A0615,conrw101,1907,NYA,D,OF,LFG,,111,100,,,,Games by outfield position not kept officially,Y
1907A0616,conrw101,1907,NYA,D,OF,CFG,,3,0,,,,Games by outfield position not kept officially,Y
1907A0617,conrw101,1907,NYA,D,OF,RFG,,1,0,,,,Games by outfield position not kept officially,Y
1907A0618,elbek101,1907,NYA,O,,AB,NYA190708270,2,3,,,,,
1907A0619,elbek101,1907,NYA,O,,H,CLE190707080,0,1,,,,,
1907A0620,elbek101,1907,NYA,O,,2B,,16,17,,,,Sheets show 16 2B,
1907A0621,elbek101,1907,NYA,O,,3B,,7,6,,,,Sheets show 7 3B,
1907A0623,elbek101,1907,NYA,D,SS,ERR,CHA190705260,1,0,,,,,
1907A0626,hoffd101,1907,NYA,O,,G,NYA190709260,1,0,,,,,
1907A0627,hoffd101,1907,NYA,O,,AB,,507,517,,,,Sheets show 507 AB,
1907A0628,hoffd101,1907,NYA,O,,AB,DET190708160,3,4,,,,,
1907A0629,hoffd101,1907,NYA,O,,3B,,4,3,,,,Sheets show 4 3B,
1907A0634,hoggb101,1907,NYA,O,,R,CHA190707172,0,1,1907A0635,COL,,,
1907A0635,hoggb101,1907,NYA,O,,H,CHA190707172,1,0,1907A0634,COL,,,
1907A0638,keefb101,1907,NYA,O,,AB,BOS190706260,2,0,,,,,
1907A0639,keelw101,1907,NYA,O,,AB,PHA190705030,5,4,,,,,
1907A0640,keelw101,1907,NYA,O,,AB,CLE190708120,5,3,,,,,
1907A0641,keelw101,1907,NYA,O,,AB,DET190708160,3,4,,,,,
1907A0642,keelw101,1907,NYA,O,,2B,,6,5,,,,Sheets show 6 2B,
1907A0644,kitsf101,1907,NYA,O,,2B,,0,1,,,,Sheets show 0 2B,
1907A0645,kitsf101,1907,NYA,O,,SH,,2,1,,,,Sheets show 2 SH,
1907A0646,kitsf101,1907,NYA,D,P,ERR,,2,1,,,,Sheets show 2 ERR at P,
1907A0647,kleir101,1907,NYA,O,,H,,72,71,,,,Sheets show 72 H,
1907A0649,kleir101,1907,NYA,O,,SH,CHA190707182,0,1,,,,,
1907A0650,kleir101,1907,NYA,D,C,G,NYA190708101,0,1,,,,,
1907A0654,lapof101,1907,NYA,D,1B,ERR,NYA190708050,1,0,,,,,
1907A0655,lapof101,1907,NYA,D,3B,G,PHA190709061,1,0,1907A0660,,,Officially 2 CF and no 3B in game,
1907A0656,lapof101,1907,NYA,D,3B,G,PHA190709062,1,0,1907A0658,,,Officially 2 CF and no 3B in game,
1907A0657,lapof101,1907,NYA,D,3B,G,PHA190709070,1,0,1907A0662,,,,
1907A0658,lapof101,1907,NYA,D,3B,ERR,PHA190709062,1,0,1907A0661,,,Officially 2 CF and no 3B in game,
1907A0660,lapof101,1907,NYA,D,OF,G,PHA190709061,0,1,1907A0655,,,Officially 2 CF and no 3B in game,
1907A0661,lapof101,1907,NYA,D,OF,G,PHA190709062,0,1,1907A0664,,,Officially 2 CF and no 3B in game,
1907A0662,lapof101,1907,NYA,D,OF,G,PHA190709070,0,1,1907A0657,,,,
1907A0663,lapof101,1907,NYA,D,OF,ERR,,8,9,,,,Sheets show 8 ERR in OF,
1907A0664,lapof101,1907,NYA,D,OF,ERR,PHA190709062,0,1,1907A0656,,,Officially 2 CF and no 3B in game,
1907A0666,lapof101,1907,NYA,D,OF,LFG,,8,14,,,,Games by outfield position not kept officially,Y
1907A0667,lapof101,1907,NYA,D,OF,CFG,,12,13,,,,Games by outfield position not kept officially,Y
1907A0668,lapof101,1907,NYA,D,OF,RFG,,40,36,,,,Games by outfield position not kept officially,Y
1907A0669,loudb101,1907,NYA,O,,SH,,1,0,,,,Sheets show 1 SH,
1907A0670,morig101,1907,NYA,O,,G,,125,126,,,,Sheets show 125 G,
1907A0671,morig101,1907,NYA,O,,AB,NYA190708031,4,1,,,,,
1907A0672,morig101,1907,NYA,O,,2B,,18,16,,,,Sheets show 18 2B,
1907A0674,morig101,1907,NYA,O,,3B,,3,5,,,,Sheets show 3 3B,
1907A0678,morig101,1907,NYA,D,2B,G,NYA190706120,1,0,1907A0680,,,Officially 2 CF and no 2B in game,
1907A0679,morig101,1907,NYA,D,2B,G,BOS190706220,0,1,1907A0683,,,Officially 2 2B and no 3B in game,
1907A0680,morig101,1907,NYA,D,2B,ERR,NYA190706120,1,0,1907A0685,,,Officially 2 CF and no 2B in game,
1907A0681,morig101,1907,NYA,D,2B,ERR,NYA190706170,1,0,,,,,
1907A0682,morig101,1907,NYA,D,3B,G,,84,91,,,,Sheets show 84 G at 3B,
1907A0683,morig101,1907,NYA,D,3B,G,BOS190706220,1,0,1907A0679,,,Officially 2 2B and no 3B in game,
1907A0685,morig101,1907,NYA,D,OF,G,NYA190706120,0,1,1907A0686,,,Officially 2 CF and no 2B in game,
1907A0686,morig101,1907,NYA,D,OF,ERR,NYA190706120,0,1,1907A0678,,,Officially 2 CF and no 2B in game,
1907A0690,ortha101,1907,NYA,O,,G,NYA190708060,1,0,,,,,
1907A0691,ortha101,1907,NYA,O,,G,NYA190708102,1,0,1907A0692,,,,
1907A0692,ortha101,1907,NYA,O,,AB,NYA190708102,1,0,1907A0693,,,,
1907A0693,ortha101,1907,NYA,O,,H,NYA190708102,1,0,1907A0691,,,,
1907A0694,ortha101,1907,NYA,D,P,ERR,,8,9,,,,Sheets show 8 ERR at P,
1907A0697,rickb101,1907,NYA,D,1B,G,CLE190708140,0,1,1907A0699,,,Officially 2 1B and no LF in game,
1907A0698,rickb101,1907,NYA,D,1B,G,CHA190708230,0,1,1907A0700,,,,
1907A0699,rickb101,1907,NYA,D,OF,G,CLE190708140,1,0,1907A0697,,,Officially 2 1B and no LF in game,
1907A0700,rickb101,1907,NYA,D,OF,G,CHA190708230,1,0,1907A1498,,,,
1907A0702,rickb101,1907,NYA,D,OF,LFG,,22,20,,,,Games by outfield position not kept officially,Y
1907A0703,thomi101,1907,NYA,O,,R,NYA190708102,1,0,,OPP,,,
1907A0706,willj106,1907,NYA,O,,G,,140,139,,,,Sheets show 140 G,
1907A0707,willj106,1907,NYA,O,,AB,,505,504,,,,Sheets show 505 AB,
1907A0708,willj106,1907,NYA,O,,3B,,13,11,,,,Sheets show 13 3B,
1907A0710,willj106,1907,NYA,D,2B,G,,140,139,,,,Sheets show 140 G at 2B,
1907A0711,willj106,1907,NYA,D,2B,ERR,NYA190706120,1,0,,,,,
1907A0713,bendc101,1907,PHA,O,,G,PHA190709160,1,0,1907A0715,,,,
1907A0714,bendc101,1907,PHA,O,,AB,SLA190708242,2,3,,,,,
1907A0715,bendc101,1907,PHA,O,,AB,PHA190709160,1,0,1907A0718,,,,
1907A0717,bendc101,1907,PHA,O,,SH,PHA190708070,1,0,,,,,
1907A0718,bendc101,1907,PHA,D,1B,G,PHA190709160,1,0,1907A0713,,,,
1907A0719,berrc101,1907,PHA,O,,H,,5,4,,,,No official sheets for Berry,
1907A0721,berrc101,1907,PHA,D,C,ERR,,1,2,,,,No official sheets for Berry,
1907A0722,colle101,1907,PHA,O,,G,NYA190707042,1,0,1907A0723,,,,
1907A0723,colle101,1907,PHA,O,,AB,NYA190707042,3,0,1907A0727,PAA,,,
1907A0724,colle101,1907,PHA,O,,H,,5,8,,,,Sheets show 5 AB,
1907A0725,colle101,1907,PHA,O,,H,WS1190710041,1,0,,,,,
1907A0727,colle101,1907,PHA,D,SS,G,NYA190707042,1,0,1907A0722,,,,
1907A0729,collj103,1907,PHA,O,,SH,NYA190708310,0,1,,,,,
1907A0730,collj103,1907,PHA,D,3B,G,,97,98,,,,Sheets show 97 G at 3B,
1907A0732,crosm101,1907,PHA,D,SS,G,WS1190706032,0,1,1907A0735,,,Officially 2 SS and no 2B in game,
1907A0733,crosm101,1907,PHA,D,SS,G,PHA190706070,0,1,,,,Officially 2 SS and no 2B in game,
1907A0734,crosm101,1907,PHA,D,SS,ERR,BOS190704270,1,0,,,,,
1907A0735,crosm101,1907,PHA,D,SS,ERR,WS1190706032,0,1,1907A0737,,,Officially 2 SS and no 2B in game,
1907A0737,crosm101,1907,PHA,D,2B,G,WS1190706032,1,0,1907A0739,,,Officially 2 SS and no 2B in game,
1907A0739,crosm101,1907,PHA,D,2B,ERR,WS1190706032,1,0,1907A0732,,,Officially 2 SS and no 2B in game,
1907A0740,davih101,1907,PHA,O,,AB,,572,582,,,,Sheets show 572 AB,
1907A0741,davih101,1907,PHA,O,,R,DET190705180,2,1,,OPP,,,
1907A0742,davih101,1907,PHA,O,,H,DET190705180,2,1,,,,,
1907A0743,davih101,1907,PHA,O,,H,PHA190710030,2,1,,,,,
1907A0745,davih101,1907,PHA,D,1B,ERR,,28,38,,,,Sheets show 28 ERR at 1B,
1907A0746,hartt102,1907,PHA,O,,AB,PHA190706241,2,4,,,,,
1907A0747,hartt102,1907,PHA,O,,AB,WS1190710052,2,1,,,,,
1907A0748,hartt102,1907,PHA,O,,H,,144,142,,,,Sheets show 144 H,
1907A0751,knigj102,1907,PHA,O,,SH,PHA190705291,0,1,,,,,
1907A0753,lordb101,1907,PHA,O,,2B,,4,3,,,,Sheets show 4 2B,
1907A0754,lordb101,1907,PHA,O,,SH,PHA190706241,0,1,,,,,
1907A0756,lordb101,1907,PHA,D,OF,LFG,,14,10,,,,Games by outfield position not kept officially,Y
1907A0757,lordb101,1907,PHA,D,OF,CFG,,36,40,,,,Games by outfield position not kept officially,Y
1907A0759,murpd106,1907,PHA,O,,SH,PHA190704150,1,0,,,,,
1907A0760,murpd106,1907,PHA,D,2B,G,DET190707050,0,1,,,,,
1907A0761,murpd106,1907,PHA,D,2B,ERR,CLE190708150,1,0,,,,,
1907A0763,nichs101,1907,PHA,O,,G,,123,124,,,,Sheets show 123 G,
1907A0768,nichs101,1907,PHA,O,,SH,PHA190706241,1,0,,,,,
1907A0770,nichs101,1907,PHA,D,3B,G,PHA190705302,0,1,,,,,
1907A0771,nichs101,1907,PHA,D,3B,G,PHA190709031,1,0,,,,Officially 2 SS and no 3B in game,
1907A0772,nichs101,1907,PHA,D,3B,G,PHA190709032,1,0,,,,Officially 2 SS and no 3B in game,
1907A0773,nichs101,1907,PHA,D,3B,ERR,,3,5,,,,Sheets show 3 ERR at 3B,
1907A0774,nichs101,1907,PHA,D,3B,ERR,PHA190709031,1,0,,,,Officially 2 SS and no 3B in game,
1907A0775,nichs101,1907,PHA,D,SS,G,,79,82,,,,Sheets show 79 G at SS,
1907A0776,nichs101,1907,PHA,D,SS,G,PHA190709031,0,1,,,,Officially 2 SS and no 3B in game,
1907A0777,nichs101,1907,PHA,D,SS,G,PHA190709032,0,1,,,,Officially 2 SS and no 3B in game,
1907A0778,nichs101,1907,PHA,D,SS,ERR,,35,33,,,,Sheets show 35 ERR at SS,
1907A0780,nichs101,1907,PHA,D,SS,ERR,PHA190709031,0,1,,,,Officially 2 SS and no 3B in game,
1907A0783,oldrr101,1907,PHA,O,,AB,PHA190707300,3,2,,,,,
1907A0784,oldrr101,1907,PHA,O,,AB,WS1190710041,4,2,,,,,
1907A0785,oldrr101,1907,PHA,O,,R,PHA190707310,1,0,,OPP,,,
1907A0786,oldrr101,1907,PHA,O,,H,,128,126,,,,Sheets show 128 H,
1907A0788,oldrr101,1907,PHA,O,,SH,PHA190707310,0,1,,,,,
1907A0789,oldrr101,1907,PHA,D,OF,ERR,PHA190707310,1,0,,,,,
1907A0790,plane101,1907,PHA,O,,AB,WS1190704300,4,3,,,,,
1907A0792,plane101,1907,PHA,O,,SH,PHA190706200,1,0,,,,,
1907A0795,schro101,1907,PHA,O,,G,PHA190709240,1,0,1907A0799,,,,
1907A0796,schro101,1907,PHA,O,,2B,,18,16,,,,Sheets show 18 2B,
1907A0797,schro101,1907,PHA,O,,SH,PHA190709142,0,1,,PAA,,,
1907A0798,schro101,1907,PHA,D,C,G,,98,99,,,,Sheets show 98 G at C,
1907A0799,schro101,1907,PHA,D,C,G,PHA190709240,1,0,1907A0795,,,,
1907A0806,buelf101,1907,SLA,O,,G,BOS190706150,0,1,1907A0807,,,,
1907A0807,buelf101,1907,SLA,O,,AB,BOS190706150,0,4,1907A0810,,,,
1907A0809,buelf101,1907,SLA,O,,SH,SLA190705150,0,1,,,,,
1907A0810,buelf101,1907,SLA,D,C,G,BOS190706150,0,1,1907A0878,,,,
1907A0811,buelf101,1907,SLA,D,C,ERR,SLA190705150,1,0,,,,,
1907A0813,butlk102,1907,SLA,O,,G,NYA190706180,1,0,1907A0814,,,Officially no 3B in game,
1907A0814,butlk102,1907,SLA,O,,AB,NYA190706180,4,0,1907A0815,,,Officially no 3B in game,
1907A0815,butlk102,1907,SLA,O,,H,NYA190706180,1,0,1907A0818,,,Officially no 3B in game,
1907A0816,butlk102,1907,SLA,O,,SH,SLA190706260,1,0,,,,,
1907A0818,butlk102,1907,SLA,D,3B,G,NYA190706180,1,0,1907A0813,,,Officially no 3B in game,
1907A0821,delaj103,1907,SLA,D,3B,G,,19,21,,,,Sheets show 19 G at 3B,
1907A0822,dinnb101,1907,SLA,O,,AB,SLA190707120,3,2,,,,,
1907A0823,dinnb101,1907,SLA,O,,AB,SLA190708241,3,2,,,,,
1907A0825,gladf101,1907,SLA,O,,2B,,4,3,,,,Sheets show 4 2B,
1907A0827,hartr102,1907,SLA,O,,AB,,214,220,,,,Sheets show 214 AB,
1907A0829,hartr102,1907,SLA,O,,SH,PHA190707300,0,1,,,,,
1907A0831,hartr102,1907,SLA,D,2B,G,,15,12,,,,Sheets show 15 G,
1907A0832,hartr102,1907,SLA,D,2B,G,NYA190706190,0,1,1907A0836,,,Officially 2 2B and no 3B in game,
1907A0833,hartr102,1907,SLA,D,2B,G,NYA190706200,0,1,1907A0837,,,Officially 2 2B and no 3B in game,
1907A0834,hartr102,1907,SLA,D,2B,G,NYA190706210,0,1,1907A0838,,,Officially 2 2B and no 3B in game,
1907A0836,hartr102,1907,SLA,D,3B,G,NYA190706190,1,0,1907A0832,,,Officially 2 2B and no 3B in game,
1907A0837,hartr102,1907,SLA,D,3B,G,NYA190706200,1,0,1907A0833,,,Officially 2 2B and no 3B in game,
1907A0838,hartr102,1907,SLA,D,3B,G,NYA190706210,1,0,1907A0834,,,Officially 2 2B and no 3B in game,
1907A0839,hartr102,1907,SLA,D,3B,G,WS1190707260,1,0,1907A0844,,,,
1907A0842,hartr102,1907,SLA,D,3B,ERR,CLE190709171,0,1,,,,,
1907A0844,hartr102,1907,SLA,D,SS,G,WS1190707260,0,1,1907A0939,,,,
1907A0847,hempc101,1907,SLA,O,,AB,NYA190708102,4,5,,,,,
1907A0850,hempc101,1907,SLA,D,OF,ERR,SLA190705180,1,0,,,,,
1907A0852,hempc101,1907,SLA,D,OF,CFG,,133,134,,,,Games by outfield position not kept officially,Y
1907A0853,hempc101,1907,SLA,D,OF,RFG,,20,19,,,,Games by outfield position not kept officially,Y
1907A0855,howeh101,1907,SLA,D,P,ERR,WS1190707260,1,0,,,,,
1907A0857,jacob101,1907,SLA,D,P,ERR,CHA190705301,1,0,,,,,
1907A0858,jonet103,1907,SLA,O,,AB,SLA190705120,3,4,,,,,
1907A0860,jonet103,1907,SLA,O,,2B,,16,17,,,,Sheets show 16 2B,
1907A0863,jonet103,1907,SLA,D,1B,ERR,NYA190706180,1,0,,,,,
1907A0864,jonet103,1907,SLA,D,1B,ERR,SLA190707210,1,0,,,,,
1907A0867,nileh101,1907,SLA,O,,G,DET190704260,1,0,,,,,
1907A0868,nileh101,1907,SLA,O,,G,SLA190705070,1,0,1907A0872,,,,
1907A0869,nileh101,1907,SLA,O,,AB,SLA190705240,4,5,,,,,
1907A0870,nileh101,1907,SLA,O,,2B,,11,9,,,,Sheets show 11 2B,
1907A0872,nileh101,1907,SLA,O,,SH,SLA190705070,1,0,1907A0868,,,,
1907A0873,nileh101,1907,SLA,D,2B,G,,115,116,,,,Sheets show 115 G,
1907A0874,nileh101,1907,SLA,D,2B,G,SLA190706230,0,1,,,,,
1907A0876,nileh101,1907,SLA,D,OF,CFG,,1,0,,,,Games by outfield position not kept officially,Y
1907A0877,nileh101,1907,SLA,D,OF,RFG,,0,1,,,,Games by outfield position not kept officially,Y
1907A0878,oconj104,1907,SLA,O,,G,BOS190706150,1,0,1907A0879,,,,
1907A0879,oconj104,1907,SLA,O,,AB,BOS190706150,4,0,1907A0880,,,,
1907A0880,oconj104,1907,SLA,D,C,G,BOS190706150,1,0,1907A0806,,,,
1907A0882,peltb101,1907,SLA,O,,AB,SLA190704140,3,4,,,,,
1907A0883,peltb101,1907,SLA,O,,AB,SLA190708182,2,3,,,,,
1907A0884,peltb101,1907,SLA,O,,R,,5,4,,,,Sheets show 5 R,
1907A0887,picko101,1907,SLA,O,,R,SLA190707160,1,0,,OPP,,,
1907A0888,picko101,1907,SLA,O,,R,SLA190709142,2,0,,OPP,,,
1907A0889,picko101,1907,SLA,O,,H,,160,159,,,,Sheets show 160 H,
1907A0890,picko101,1907,SLA,O,,H,PHA190707310,2,1,,,,,
1907A0892,picko101,1907,SLA,O,,SH,SLA190706020,1,0,,,,,
1907A0893,picko101,1907,SLA,O,,SH,BOS190706150,1,0,,,,,
1907A0894,picko101,1907,SLA,O,,SH,SLA190708160,1,0,,,,,
1907A0895,picko101,1907,SLA,D,OF,G,,150,151,,,,Sheets show 150 G in OF,
1907A0896,picko101,1907,SLA,D,OF,ERR,SLA190708160,0,2,,,,,
1907A0898,picko101,1907,SLA,D,OF,CFG,,19,22,,,,Games by outfield position not kept officially,Y
1907A0899,picko101,1907,SLA,D,OF,RFG,,131,128,,,,Games by outfield position not kept officially,Y
1907A0900,spent101,1907,SLA,O,,G,SLA190707160,0,1,1907A0901,,,,
1907A0901,spent101,1907,SLA,O,,AB,SLA190707160,0,4,1907A0906,,,,
1907A0902,spent101,1907,SLA,O,,AB,BOS190708030,4,3,,,,,
1907A0903,spent101,1907,SLA,O,,3B,,2,1,,,,Sheets show 2 3B,
1907A0906,spent101,1907,SLA,D,C,G,SLA190707160,0,1,1907A0908,,,,
1907A0907,stepj104,1907,SLA,O,,G,,59,58,,,,Sheets show 59 G,
1907A0908,stepj104,1907,SLA,O,,G,SLA190707160,1,0,1907A0909,,,,
1907A0909,stepj104,1907,SLA,O,,AB,SLA190707160,4,0,1907A0914,,,,
1907A0910,stepj104,1907,SLA,O,,H,,36,35,,,,Sheets show 36 H,
1907A0911,stepj104,1907,SLA,O,,2B,,7,6,,,,Sheets show 7 2B,
1907A0912,stepj104,1907,SLA,O,,3B,,2,3,,,,Sheets show 2 3B,
1907A0914,stepj104,1907,SLA,D,C,G,SLA190707160,1,0,1907A0900,,,,
1907A0915,stepj104,1907,SLA,D,C,G,DET190708310,0,1,,,,,
1907A0917,stong101,1907,SLA,O,,AB,,595,596,,,,Sheets show 595 AB,
1907A0918,stong101,1907,SLA,O,,2B,,14,13,,,,Sheets show 14 2B,
1907A0919,stong101,1907,SLA,O,,2B,SLA190705260,1,0,1907A0923,,,,
1907A0920,stong101,1907,SLA,O,,2B,PHA190707310,0,1,,,,,
1907A0921,stong101,1907,SLA,O,,2B,NYA190708102,0,1,,,,,
1907A0922,stong101,1907,SLA,O,,3B,,13,11,,,,Sheets show 13 3B,
1907A0923,stong101,1907,SLA,O,,3B,SLA190705260,0,1,1907A0919,,,,
1907A0925,stong101,1907,SLA,O,,SH,SLA190706020,1,0,,,,,
1907A0926,stong101,1907,SLA,O,,SH,PHA190707310,0,2,,PAA,,,
1907A0927,wallb101,1907,SLA,O,,AB,BOS190710010,2,3,,PAA,,,
1907A0928,wallb101,1907,SLA,O,,2B,,19,20,,,,Sheets show 19 2B,
1907A0930,wallb101,1907,SLA,D,SS,G,SLA190707080,0,1,,,,,
1907A0931,wallb101,1907,SLA,D,SS,G,SLA190707110,0,1,,,,,
1907A0932,wallb101,1907,SLA,D,SS,G,SLA190707120,0,1,,,,,
1907A0933,wallb101,1907,SLA,D,SS,G,SLA190707130,0,1,,,,,
1907A0935,yeagj101,1907,SLA,O,,3B,,6,7,,,,Sheets show 6 3B,
1907A0939,yeagj101,1907,SLA,D,3B,G,WS1190707260,0,1,1907A0943,,,,
1907A0941,yeagj101,1907,SLA,D,3B,ERR,,21,20,,,,Sheets show 21 ERR at 3B,
1907A0943,yeagj101,1907,SLA,D,SS,G,WS1190707260,1,0,1907A0839,,,,
1907A0945,altid101,1907,WS1,O,,G,WS1190707240,1,2,,,,7-24 game data entered twice,
1907A0946,altid101,1907,WS1,O,,AB,BOS190707030,3,4,,,,,
1907A0947,altid101,1907,WS1,O,,AB,WS1190707240,4,8,,,,7-24 game data entered twice,
1907A0948,altid101,1907,WS1,O,,2B,,11,15,,,,Sheets show 11 2B,
1907A0949,altid101,1907,WS1,O,,2B,WS1190708010,1,0,,,,,
1907A0950,altid101,1907,WS1,O,,2B,CHA190708170,1,0,,,,,
1907A0951,altid101,1907,WS1,O,,2B,BOS190709072,1,0,1907A0953,,,,
1907A0952,altid101,1907,WS1,O,,3B,,6,5,,,,Sheets show 6 3B,
1907A0953,altid101,1907,WS1,O,,3B,BOS190709072,0,1,1907A0951,,,,
1907A0956,altid101,1907,WS1,D,SS,ERR,WS1190706210,3,0,,,,,
1907A0959,altid101,1907,WS1,D,OF,CFG,,17,19,,,,Games by outfield position not kept officially,Y
1907A0960,andej101,1907,WS1,O,,G,WS1190707240,1,2,,,,7-24 game data entered twice,
1907A0961,andej101,1907,WS1,O,,AB,WS1190707240,4,8,,,,7-24 game data entered twice,
1907A0962,andej101,1907,WS1,O,,R,WS1190706031,1,0,,OPP,,,
1907A0963,andej101,1907,WS1,O,,H,WS1190707240,2,4,,,,7-24 game data entered twice,
1907A0964,andej101,1907,WS1,O,,2B,,13,12,,,,Sheets show 13 2B,
1907A0965,andej101,1907,WS1,D,1B,G,,62,61,,,,Sheets show 62 G at 1B,
1907A0966,andej101,1907,WS1,D,OF,G,,27,26,,,,Sheets show 27 G in OF,
1907A0967,andej101,1907,WS1,D,OF,G,CLE190707190,1,0,,,,,
1907A0968,andej101,1907,WS1,D,OF,LFG,,27,26,,,,Games by outfield position not kept officially,Y
1907A0969,andej101,1907,WS1,D,OF,CFG,,1,0,,,,Games by outfield position not kept officially,Y
1907A0970,blanc103,1907,WS1,O,,G,BOS190704160,1,0,1907A0976,,,,
1907A0971,blanc103,1907,WS1,O,,G,WS1190705280,1,0,,,,,
1907A0972,blanc103,1907,WS1,O,,R,WS1190709091,0,1,1907A0973,COL,,,
1907A0973,blanc103,1907,WS1,O,,H,WS1190709091,1,0,1907A0972,COL,,,
1907A0975,blanc103,1907,WS1,O,,SH,WS1190708021,1,0,,,,,
1907A0976,blanc103,1907,WS1,D,C,G,BOS190704160,1,0,1907A0970,,,,
1907A0977,blanc103,1907,WS1,D,C,G,WS1190706031,0,1,,,,,
1907A0978,blanc103,1907,WS1,D,C,G,CHA190707110,0,1,1907A0987,,,,
1907A0979,blanc103,1907,WS1,D,C,G,WS1190710030,1,0,1907A0981,,,Officially 2 1B and no C in game,
1907A0980,blanc103,1907,WS1,D,C,G,WS1190710042,1,0,1907A0982,,,Officially 2 1B and no C in game,
1907A0981,blanc103,1907,WS1,D,C,ERR,WS1190710030,1,0,1907A0983,,,Officially 2 1B and no C in game,
1907A0982,blanc103,1907,WS1,D,C,ERR,WS1190710042,1,0,1907A0984,,,Officially 2 1B and no C in game,
1907A0983,blanc103,1907,WS1,D,1B,G,WS1190710030,0,1,1907A0985,,,Officially 2 1B and no C in game,
1907A0984,blanc103,1907,WS1,D,1B,G,WS1190710042,0,1,1907A0986,,,Officially 2 1B and no C in game,
1907A0985,blanc103,1907,WS1,D,1B,ERR,WS1190710030,0,1,1907A0979,,,Officially 2 1B and no C in game,
1907A0986,blanc103,1907,WS1,D,1B,ERR,WS1190710042,0,1,1907A0980,,,Officially 2 1B and no C in game,
1907A0987,blanc103,1907,WS1,D,OF,G,CHA190707110,1,0,1907A0988,,,,
1907A0988,blanc103,1907,WS1,D,OF,CFG,CHA190707110,1,0,1907A0978,,,,
1907A0989,blocb101,1907,WS1,O,,G,WS1190710052,1,0,1907A1503,,,,
1907A0991,clymo101,1907,WS1,O,,G,WS1190709170,1,0,1907A0992,,,,
1907A0992,clymo101,1907,WS1,O,,AB,WS1190709170,1,0,1907A0991,,,,
1907A0993,clymo101,1907,WS1,O,,2B,,6,5,,,,Sheets show 6 2B,
1907A0995,clymo101,1907,WS1,D,OF,LFG,,28,27,,,,Games by outfield position not kept officially,Y
1907A0996,clymo101,1907,WS1,D,OF,CFG,,0,1,,,,Games by outfield position not kept officially,Y
1907A0998,crosl101,1907,WS1,O,,SB,,5,3,,,,sheets show 5 SB,
1907A0999,crosl101,1907,WS1,O,,SH,WS1190705301,1,0,,,,,
1907A1001,delaj103,1907,WS1,O,,G,PHA190706252,1,0,1907A1003,,,,
1907A1002,delaj103,1907,WS1,O,,G,WS1190710052,1,0,1907A1010,,,,
1907A1003,delaj103,1907,WS1,O,,AB,PHA190706252,3,0,1907A1004,,,,
1907A1004,delaj103,1907,WS1,O,,H,PHA190706252,1,0,1907A1014,,,,
1907A1005,delaj103,1907,WS1,O,,H,CLE190708201,1,0,,,,,
1907A1006,delaj103,1907,WS1,O,,2B,,19,18,,,,Sheets show 19 2B,
1907A1007,delaj103,1907,WS1,O,,3B,,8,7,,,,Sheets show 8 3B,
1907A1010,delaj103,1907,WS1,D,2B,G,WS1190710052,1,0,1907A1002,,,,
1907A1011,delaj103,1907,WS1,D,2B,ERR,,21,22,,,,Sheets show 21 ERR at 2B,
1907A1013,delaj103,1907,WS1,D,3B,G,,28,27,,,,Sheets show 28 G at 3B,
1907A1014,delaj103,1907,WS1,D,3B,G,PHA190706252,1,0,1907A1106,,,,
1907A1015,delaj103,1907,WS1,D,3B,G,DET190707161,0,1,1907A1024,,,,
1907A1016,delaj103,1907,WS1,D,3B,G,DET190707162,0,1,1907A1025,,,,
1907A1017,delaj103,1907,WS1,D,3B,G,DET190707170,0,1,1907A1026,,,,
1907A1018,delaj103,1907,WS1,D,3B,G,DET190707181,0,1,1907A1027,,,,
1907A1019,delaj103,1907,WS1,D,3B,G,DET190707182,0,1,1907A1028,,,,
1907A1020,delaj103,1907,WS1,D,3B,G,CLE190707190,1,0,,,,,
1907A1021,delaj103,1907,WS1,D,3B,G,CLE190707200,1,0,,,,,
1907A1022,delaj103,1907,WS1,D,3B,G,WS1190707250,1,0,,,,,
1907A1023,delaj103,1907,WS1,D,3B,G,WS1190707260,1,0,,,,,
1907A1024,delaj103,1907,WS1,D,OF,G,DET190707161,1,0,1907A1120,,,,
1907A1025,delaj103,1907,WS1,D,OF,G,DET190707162,1,0,1907A1121,,,,
1907A1026,delaj103,1907,WS1,D,OF,G,DET190707170,1,0,1907A1122,,,,
1907A1027,delaj103,1907,WS1,D,OF,G,DET190707181,1,0,1907A1123,,,,
1907A1028,delaj103,1907,WS1,D,OF,G,DET190707182,1,0,1907A1124,,,,
1907A1029,delaj103,1907,WS1,D,OF,CFG,,4,0,,,,Games by outfield position not kept officially,Y
1907A1031,falkc101,1907,WS1,O,,SH,CHA190708160,1,0,,,,,
1907A1032,falkc101,1907,WS1,D,P,ERR,WS1190709110,0,1,,,,,
1907A1033,ganlb101,1907,WS1,O,,AB,,604,605,,,,Sheets show 604 AB,
1907A1034,ganlb101,1907,WS1,O,,AB,WS1190709280,1,3,,,,,
1907A1035,ganlb101,1907,WS1,O,,H,,162,167,,,,Sheets show 162 H,
1907A1037,ganlb101,1907,WS1,O,,SH,WS1190705280,1,0,,,,,
1907A1038,ganlb101,1907,WS1,O,,SH,BOS190709072,1,0,,,,,
1907A1039,ganlb101,1907,WS1,D,OF,ERR,BOS190707042,1,0,,,,,
1907A1040,ganlb101,1907,WS1,D,OF,ERR,CHA190707120,1,0,,,,,
1907A1041,ganlb101,1907,WS1,D,OF,LFG,,61,62,,,,Games by outfield position not kept officially,Y
1907A1042,ganlb101,1907,WS1,D,OF,CFG,,14,13,,,,Games by outfield position not kept officially,Y
1907A1043,ganlb101,1907,WS1,D,OF,RFG,,80,78,,,,Games by outfield position not kept officially,Y
1907A1044,gehrh101,1907,WS1,O,,AB,,36,44,,,,6 games entered twice on sheets,
1907A1045,gehrh101,1907,WS1,O,,R,,6,7,,,,6 games entered twice on sheets,
1907A1048,graho101,1907,WS1,D,OF,G,,2,1,,,,Sheets show 2 G in OF,
1907A1049,graho101,1907,WS1,D,OF,CFG,,2,1,,,,Games by outfield position not kept officially,Y
1907A1050,heydm101,1907,WS1,O,,G,WS1190708010,1,0,1907A1053,,,,
1907A1051,heydm101,1907,WS1,O,,2B,,2,3,,,,Sheets show 2 2B,
1907A1053,heydm101,1907,WS1,D,C,G,WS1190708010,1,0,1907A1050,,,,
1907A1054,hickc101,1907,WS1,O,,G,,63,60,,,,Sheets show 63 G,
1907A1055,hickc101,1907,WS1,O,,G,NYA190704260,1,0,1907A1057,,,Officially no 1B in game,
1907A1056,hickc101,1907,WS1,O,,AB,,196,198,,,,Sheets show 196 AB,
1907A1057,hickc101,1907,WS1,O,,AB,NYA190704260,4,0,1907A1059,,,Officially no 1B in game,
1907A1058,hickc101,1907,WS1,O,,R,,19,20,,,,Sheets show 19 R,
1907A1059,hickc101,1907,WS1,O,,H,NYA190704260,1,0,1907A1063,,,Officially no 1B in game,
1907A1060,hickc101,1907,WS1,O,,2B,,10,9,,,,Sheets show 10 2B,
1907A1062,hickc101,1907,WS1,D,1B,G,BOS190704170,0,1,,,,,
1907A1063,hickc101,1907,WS1,D,1B,G,NYA190704260,1,0,1907A1055,,,Officially no 1B in game,
1907A1064,hickc101,1907,WS1,D,1B,G,SLA190705130,0,1,,,,,
1907A1067,hickc101,1907,WS1,D,2B,G,,4,3,,,,Sheets show 4 G at 2B,
1907A1069,johnw102,1907,WS1,O,,SH,,4,0,,,,Sheets show 4 SH,
1907A1070,jonec106,1907,WS1,O,,G,,122,121,,,,Sheets show 122 G,
1907A1071,jonec106,1907,WS1,O,,G,WS1190709272,1,0,1907A1086,,,,
1907A1072,jonec106,1907,WS1,O,,AB,WS1190705302,3,2,,,,,
1907A1073,jonec106,1907,WS1,O,,AB,WS1190708022,5,4,,,,,
1907A1075,jonec106,1907,WS1,D,1B,G,WS1190710052,1,0,,,,,
1907A1076,jonec106,1907,WS1,D,2B,G,DET190708230,0,1,1907A1082,,,Officially 2 2B and no CF in game,
1907A1077,jonec106,1907,WS1,D,2B,G,DET190708240,0,1,1907A1083,,,Officially 2 2B and no CF in game,
1907A1078,jonec106,1907,WS1,D,2B,G,DET190708260,0,1,1907A1084,,,Officially 2 2B and no CF in game,
1907A1079,jonec106,1907,WS1,D,2B,G,DET190708270,0,1,1907A1085,,,,
1907A1080,jonec106,1907,WS1,D,SS,G,BOS190709062,0,1,,,,,
1907A1081,jonec106,1907,WS1,D,OF,G,,108,111,,,,Sheets show 108 in OF,
1907A1082,jonec106,1907,WS1,D,OF,G,DET190708230,1,0,1907A1076,,,Officially 2 2B and no CF in game,
1907A1083,jonec106,1907,WS1,D,OF,G,DET190708240,1,0,1907A1077,,,Officially 2 2B and no CF in game,
1907A1084,jonec106,1907,WS1,D,OF,G,DET190708260,1,0,1907A1078,,,Officially 2 2B and no CF in game,
1907A1085,jonec106,1907,WS1,D,OF,G,DET190708270,1,0,1907A1079,,,,
1907A1086,jonec106,1907,WS1,D,OF,G,WS1190709272,1,0,1907A1071,,,,
1907A1088,jonec106,1907,WS1,D,OF,LFG,,14,12,,,,Games by outfield position not kept officially,Y
1907A1089,jonec106,1907,WS1,D,OF,CFG,,91,90,,,,Games by outfield position not kept officially,Y
1907A1090,jonec106,1907,WS1,D,OF,RFG,,9,8,,,,Games by outfield position not kept officially,Y
1907A1091,kahom101,1907,WS1,O,,2B,,0,1,,,,Sheets show 0 2B,
1907A1094,kay-b101,1907,WS1,O,,AB,CLE190708201,1,0,,,,,
1907A1097,kay-b101,1907,WS1,D,OF,RFG,,11,12,,,,Discrepancy had been 12 not 11 and was accepted,
1907A1098,kitsf101,1907,WS1,D,P,ERR,,0,1,,,,Sheets show 0 ERR at P,
1907A1099,kitsf101,1907,WS1,D,P,ERR,PHA190704200,1,0,,,,,
1907A1100,kitsf101,1907,WS1,D,P,ERR,DET190705240,1,0,,,,,
1907A1101,milac101,1907,WS1,O,,AB,WS1190709272,5,4,,,,,
1907A1103,milac101,1907,WS1,O,,SH,WS1190709260,0,1,,,,,
1907A1105,milac101,1907,WS1,D,OF,CFG,,33,30,,,,Games by outfield position not kept officially,Y
1907A1106,nillr101,1907,WS1,O,,G,PHA190706252,1,0,1907A1110,,,,
1907A1107,nillr101,1907,WS1,O,,G,BOS190707041,1,0,1907A1111,,,,
1907A1108,nillr101,1907,WS1,O,,G,WS1190708021,1,0,1907A1113,,,Officially no 2B in game,
1907A1109,nillr101,1907,WS1,O,,AB,,213,215,,,,Sheets show 213 AB,
1907A1110,nillr101,1907,WS1,O,,AB,PHA190706252,4,0,1907A1114,,,,
1907A1111,nillr101,1907,WS1,O,,AB,BOS190707041,1,0,1907A1107,,,,
1907A1112,nillr101,1907,WS1,O,,AB,WS1190707250,2,1,,,,,
1907A1113,nillr101,1907,WS1,O,,AB,WS1190708021,3,0,1907A1115,,,Officially no 2B in game,
1907A1114,nillr101,1907,WS1,O,,H,PHA190706252,1,0,1907A1130,,,,
1907A1115,nillr101,1907,WS1,O,,H,WS1190708021,2,0,1907A1125,,,Officially no 2B in game,
1907A1117,nillr101,1907,WS1,D,2B,G,,32,39,,,,Sheets show 32 G at 2B,
1907A1118,nillr101,1907,WS1,D,2B,G,SLA190707060,1,0,1907A1131,,,Officially 2 LF and no 2B in game,
1907A1119,nillr101,1907,WS1,D,2B,G,SLA190707070,1,0,1907A1132,,,Officially 2 LF and no 2B in game,
1907A1120,nillr101,1907,WS1,D,2B,G,DET190707161,1,0,1907A1133,,,,
1907A1121,nillr101,1907,WS1,D,2B,G,DET190707162,1,0,1907A1134,,,,
1907A1122,nillr101,1907,WS1,D,2B,G,DET190707170,1,0,1907A1135,,,,
1907A1123,nillr101,1907,WS1,D,2B,G,DET190707181,1,0,1907A1499,,,,
1907A1124,nillr101,1907,WS1,D,2B,G,DET190707182,1,0,1907A1137,,,,
1907A1125,nillr101,1907,WS1,D,2B,G,WS1190708021,1,0,1907A1127,,,Officially no 2B in game,
1907A1127,nillr101,1907,WS1,D,2B,ERR,WS1190708021,1,0,1907A1108,,,Officially no 2B in game,
1907A1128,nillr101,1907,WS1,D,OF,G,,26,18,,,,Sheets show 26 G in OF,
1907A1129,nillr101,1907,WS1,D,OF,G,WS1190705280,1,0,,,,,
1907A1130,nillr101,1907,WS1,D,OF,G,PHA190706252,1,0,1907A1001,,,,
1907A1131,nillr101,1907,WS1,D,OF,G,SLA190707060,0,1,1907A1118,,,Officially 2 LF and no 2B in game,
1907A1132,nillr101,1907,WS1,D,OF,G,SLA190707070,0,1,1907A1119,,,Officially 2 LF and no 2B in game,
1907A1133,nillr101,1907,WS1,D,OF,G,DET190707161,0,1,1907A1015,,,,
1907A1134,nillr101,1907,WS1,D,OF,G,DET190707162,0,1,1907A1016,,,,
1907A1135,nillr101,1907,WS1,D,OF,G,DET190707170,0,1,1907A1017,,,,
1907A1136,nillr101,1907,WS1,D,OF,G,DET190707181,0,1,1907A1139,,,,
1907A1137,nillr101,1907,WS1,D,OF,G,DET190707182,0,1,1907A1019,,,,
1907A1138,nillr101,1907,WS1,D,OF,ERR,,3,1,,,,Sheets show 3 ERR in OF,
1907A1139,nillr101,1907,WS1,D,OF,ERR,DET190707181,0,2,1907A1018,,,,
1907A1140,nillr101,1907,WS1,D,OF,LFG,,20,17,,,,Games by outfield position not kept officially,Y
1907A1141,obrip102,1907,WS1,O,,AB,CHA190708180,5,3,,IMP,,Officially Obrien had 4 H and 3 AB in game,
1907A1143,obrip102,1907,WS1,D,2B,G,,2,1,,,,Sheets show 2 G at 2B,
1907A1144,obrip102,1907,WS1,D,2B,ERR,WS1190709170,1,0,,,,,
1907A1145,obrip102,1907,WS1,D,3B,G,DET190708230,1,0,1907A1151,,,Officially 2 SS and no 3B in game,
1907A1146,obrip102,1907,WS1,D,3B,G,DET190708240,1,0,1907A1150,,,Officially 2 SS and no 3B in game,
1907A1147,obrip102,1907,WS1,D,3B,G,DET190708260,1,0,1907A1153,,,Officially 2 SS and no 3B in game,
1907A1148,obrip102,1907,WS1,D,3B,G,DET190708270,1,0,1907A1154,,,,
1907A1149,obrip102,1907,WS1,D,3B,ERR,,9,10,,,,Sheets show 9 ERR at 3B,
1907A1150,obrip102,1907,WS1,D,3B,ERR,DET190708240,1,0,1907A1152,,,Officially 2 SS and no 3B in game,
1907A1151,obrip102,1907,WS1,D,SS,G,DET190708230,0,1,1907A1145,,,Officially 2 SS and no 3B in game,
1907A1152,obrip102,1907,WS1,D,SS,G,DET190708240,0,1,1907A1155,,,Officially 2 SS and no 3B in game,
1907A1153,obrip102,1907,WS1,D,SS,G,DET190708260,0,1,1907A1147,,,Officially 2 SS and no 3B in game,
1907A1154,obrip102,1907,WS1,D,SS,G,DET190708270,0,1,1907A1148,,,,
1907A1155,obrip102,1907,WS1,D,SS,ERR,DET190708240,0,1,1907A1146,,,Officially 2 SS and no 3B in game,
1907A1156,obrip102,1907,WS1,D,SS,ERR,WS1190710022,2,3,,,,,
1907A1157,pattc101,1907,WS1,O,,AB,DET190707182,3,4,,,,,
1907A1158,pattc101,1907,WS1,O,,AB,WS1190709102,2,3,,,,,
1907A1159,pattc101,1907,WS1,O,,R,WS1190709102,1,0,,OPP,,,
1907A1160,perrn101,1907,WS1,O,,G,WS1190705280,1,0,1907A1162,,,,
1907A1162,perrn101,1907,WS1,D,2B,G,WS1190705280,1,0,1907A1160,,,,
1907A1168,shipb101,1907,WS1,O,,SH,DET190707182,1,0,,,,,
1907A1169,shipb101,1907,WS1,D,SS,G,WS1190709240,1,0,1907A1170,,,Officially 2 3B and no SS in game,
1907A1170,shipb101,1907,WS1,D,SS,ERR,WS1190709240,1,0,1907A1171,,,Officially 2 3B and no SS in game,
1907A1171,shipb101,1907,WS1,D,3B,G,WS1190709240,0,1,1907A1172,,,Officially 2 3B and no SS in game,
1907A1172,shipb101,1907,WS1,D,3B,ERR,WS1190709240,0,1,1907A1169,,,Officially 2 3B and no SS in game,
1907A1173,smitt101,1907,WS1,O,,AB,CLE190708212,4,3,,,,,
1907A1174,smitt101,1907,WS1,O,,2B,,2,1,,,,Sheets show 2 2B,
1907A1178,smitc107,1907,WS1,D,P,ERR,WS1190708010,1,0,,,,,
1907A1181,warnj103,1907,WS1,D,1B,G,CLE190707190,1,0,1907A1182,,,,
1907A1182,warnj103,1907,WS1,D,C,G,CLE190707190,0,1,1907A1181,,,,
1907A1486,quill101,1907,CHA,O,,2B,,3,5,,,,Sheets show 3 2B,
1907A1487,hickc101,1907,CHA,D,2B,G,,2,0,,,,Sheets show 2 G at 2B,
1907A1489,hickc101,1907,CHA,D,2B,ERR,,1,0,,,,Sheets show1 ERR at 2B,
1907A1490,kay-b101,1907,WS1,D,1B,G,WS1190710052,1,0,,,,,
1907A1491,archj102,1907,DET,D,SS,G,SLA190710062,1,0,,,,,
1907A1492,conrw101,1907,NYA,D,3B,G,SLA190707220,1,0,,,,,
1907A1493,bendc101,1907,PHA,D,OF,G,SLA190707110,1,0,1907A1494,,,,
1907A1494,bendc101,1907,PHA,D,OF,CFG,SLA190707110,1,0,1907A1493,,,,
1907A1495,davih101,1907,PHA,D,OF,G,PHA190705030,1,0,1907A1496,,,,
1907A1496,davih101,1907,PHA,D,OF,CFG,PHA190705030,1,0,1907A1495,,,,
1907A1497,nichs101,1907,PHA,D,SS,ERR,SLA190708252,0,1,,,,,
1907A1498,nillr101,1907,WS1,D,2B,ERR,,5,7,,,,Sheets show 5 ERR at 2B,
1907A1499,nillr101,1907,WS1,D,2B,ERR,DET190707181,2,0,1907A1136,,,,
1907A1501,weldm101,1907,CHA,D,OF,G,NYA190710030,0,1,1907A0285,,,,
1907A1502,blocb101,1907,WS1,D,C,G,WS1190710051,0,1,,,,,
1907A1503,blocb101,1907,WS1,D,C,G,WS1190710052,1,0,1907A0989,,,,
1907A1504,blanc103,1907,WS1,O,,G,BOS190704170,1,0,,,,Blankenship PR for Hickman in 9th,
1907A1505,blanc103,1907,WS1,O,,R,BOS190704170,1,0,,,,Blankenship PR for Hickman in 9th,
1907A1506,hickc101,1907,WS1,O,,R,BOS190704170,0,1,,,,Blankenship PR for Hickman in 9th,
1907A1507,milac101,1907,WS1,D,OF,CFG,WS1190710010,0,1,1907A1105,,,Games by outfield position not kept officially,
1907A1508,hartt102,1907,PHA,O,,SB,DET190708130,0,1,,,,Back end of failed double steal,
1907A1509,rossc101,1907,DET,D,1B,ERR,DET190708130,2,0,,,,,
1907A1511,donaj103,1907,CHA,D,1B,ERR,CHA190708130,1,0,,,,,
1907A1513,mullg102,1907,DET,D,1B,G,PHA190709300,0,1,,,,Mullin only PH,
1907A1518,graho101,1907,WS1,O,,G,WS1190707302,1,0,,,,Graham PR for Hickman in 7th,
1907A1519,graho101,1907,WS1,O,,R,WS1190707302,1,0,1907A1520,SWAP,,Graham PR for Hickman in 7th,
1907A1520,hickc101,1907,WS1,O,,R,WS1190707302,0,1,1907A1519,SWAP,,Graham PR for Hickman in 7th,
1907A1521,loweb101,1907,DET,O,,G,DET190708230,1,0,,,,Lowe PR for Mullin in 9th,
1907A1522,jonec106,1907,WS1,O,,SB,BOS190704160,0,1,,,,Back end of failed double steal,
1907A1531,crigl101,1907,BOS,O,,SB,BOS190704290,0,1,,,,Back end of failed double steal,
1907A1550,armbc101,1907,BOS,O,,AB,BOS190705020,0,1,,,,,
1907A1564,crigl101,1907,BOS,O,,SB,BOS190706010,1,0,,,,,
1907A1570,barrj103,1907,BOS,O,,SH,BOS190706171,0,1,,,,,
1907A1573,congb101,1907,BOS,O,,SB,BOS190706171,0,1,,,,,
1907A1577,jonet103,1907,SLA,O,,AB,BOS190706171,5,6,,,,,
1907A1580,stong101,1907,SLA,O,,SH,BOS190706171,1,0,,PAA,,,
1907A1586,paref101,1907,BOS,D,SS,ERR,BOS190706171,1,0,,,,,
1907A1588,barrj103,1907,BOS,O,,SH,BOS190706172,1,0,,PAA,,,
1907A1597,dougp102,1907,CHA,O,,AB,BOS190706180,3,4,,,,,
1907A1599,mcfae101,1907,CHA,O,,AB,BOS190706180,4,3,,,,,
1907A1644,chesj101,1907,NYA,O,,AB,BOS190706241,1,0,,,,,
1907A1645,chesj101,1907,NYA,O,,H,BOS190706241,1,0,,,,,
1907A1648,ortha101,1907,NYA,O,,AB,BOS190706241,0,1,,,,,
1907A1649,ortha101,1907,NYA,O,,H,BOS190706241,0,1,,,,,
1907A1666,oberf101,1907,BOS,D,P,ERR,BOS190706241,1,0,,,,,
1907A1700,cobbt101,1907,DET,O,,SB,BOS190707251,1,2,,,,,
1907A1752,congb101,1907,BOS,O,,SB,BOS190709090,1,0,,,,,
1907A1762,sulld101,1907,BOS,O,,SB,BOS190709101,1,0,,,,,
1907A1798,lajon101,1907,CLE,O,,SB,BOS190709210,0,1,,,,Back end of failed double steal,
1907A1802,wagnh103,1907,BOS,D,SS,ERR,BOS190709210,1,2,,,,,
1907A1803,congb101,1907,BOS,O,,SB,BOS190709240,0,1,,,,,
1907A1870,younc102,1907,BOS,O,,AB,BOS190710020,3,2,,,,,
1907A1871,younc102,1907,BOS,O,,SB,BOS190710020,0,1,,,,,
1907A1877,peltb101,1907,SLA,D,P,ERR,BOS190710020,1,0,,,,,
1907A1880,jonet103,1907,SLA,O,,SB,BOS190710030,0,2,1907A1881,SWAP,,,
1907A1881,stong101,1907,SLA,O,,SB,BOS190710030,2,0,1907A1880,SWAP,,,
1907A1884,davig102,1907,CHA,O,,3B,CHA190704180,0,1,,,,,
1907A1891,bay-h101,1907,CLE,O,,SB,CHA190705060,1,0,,,,,
1907A1913,knigj102,1907,PHA,O,,AB,CHA190705130,5,4,,,,,
1907A1914,waddr101,1907,PHA,O,,AB,CHA190705130,3,4,,,,,
1907A1940,hickc101,1907,WS1,O,,SB,CHA190705170,1,2,,,,Front end of failed double steal,
1907A1942,roheg101,1907,CHA,D,3B,ERR,CHA190705170,1,0,,,,,
1907A1956,donaj103,1907,CHA,O,,SH,CHA190705200,0,1,1907A1957,SWAP,,,
1907A1957,roheg101,1907,CHA,O,,SH,CHA190705200,1,0,1907A1956,SWAP,,,
1907A1958,sulld101,1907,BOS,O,,2B,CHA190705200,0,1,,,,,
1907A1980,sullb102,1907,CHA,O,,SB,CHA190705301,1,0,,,,,
1907A2000,whitd104,1907,CHA,O,,SB,CHA190706250,0,1,,,,Back end of failed double steal,
1907A2042,davig102,1907,CHA,O,,SB,CHA190707110,0,1,,,,,
1907A2043,quill101,1907,CHA,O,,SB,CHA190707110,0,1,,,,,
1907A2060,dougp102,1907,CHA,O,,SB,CHA190707171,0,2,,,,,
1907A2071,morig101,1907,NYA,D,3B,ERR,CHA190707171,0,1,,,,,
1907A2087,donaj103,1907,CHA,O,,SB,CHA190708130,0,1,,,,,
1907A2092,sulld101,1907,BOS,O,,SB,CHA190708130,1,2,,,,,
1907A2095,unglb101,1907,BOS,O,,SB,CHA190708130,0,1,,,,,
1907A2119,isbef101,1907,CHA,D,2B,ERR,CHA190708140,0,1,,,,,
1907A2142,donaj103,1907,CHA,O,,SB,CHA190708240,1,2,1907A2143,SWAP,,,
1907A2143,jonef102,1907,CHA,O,,SB,CHA190708240,1,0,1907A2142,SWAP,,,
1907A2201,hahne101,1907,CHA,O,,H,CLE190704270,1,0,,,,,
1907A2219,keelw101,1907,NYA,O,,SB,CLE190705130,1,0,,,,,
1907A2240,turnt105,1907,CLE,O,,SB,CLE190707080,0,1,,,,Back end of failed double steal,
1907A2276,cobbt101,1907,DET,O,,H,DET190704110,2,1,,,,,
1907A2282,isbef101,1907,CHA,O,,2B,DET190704170,0,2,,,,,
1907A2290,walse101,1907,CHA,O,,AB,DET190705010,3,2,1907A2291,SWAP,,,
1907A2291,whitd104,1907,CHA,O,,AB,DET190705010,2,3,1907A2290,SWAP,,,
1907A2306,hahne101,1907,CHA,O,,H,DET190705032,1,0,,,,,
1907A2307,hahne101,1907,CHA,O,,SB,DET190705032,0,1,,,,,
1907A2308,jonef102,1907,CHA,O,,AB,DET190705032,4,2,,,,,
1907A2310,jonef102,1907,CHA,O,,SH,DET190705032,0,1,,,,,
1907A2311,jonef102,1907,CHA,O,,SB,DET190705032,1,0,,,,,
1907A2339,cougb101,1907,DET,O,,SH,DET190708120,1,0,,,,,
1907A2433,barrj103,1907,BOS,O,,2B,DET190708220,0,1,,,,,
1907A2435,donob101,1907,DET,O,,SB,DET190708220,0,1,,,,,
1907A2445,jonec106,1907,WS1,O,,2B,DET190708230,1,0,,,,,
1907A2488,altid101,1907,WS1,D,1B,ERR,DET190708270,0,1,1907A2489,SWAP,,,
1907A2489,altid101,1907,WS1,D,SS,ERR,DET190708270,1,0,1907A2488,SWAP,,,
1907A2566,lapof101,1907,NYA,D,3B,ERR,NYA190704200,2,1,,,,,
1907A2580,ferrh101,1907,BOS,D,2B,ERR,NYA190704220,0,1,,,,,
1907A2582,wagnh103,1907,BOS,D,SS,ERR,NYA190704220,2,1,,,,,
1907A2615,willj106,1907,NYA,O,,SB,NYA190704270,0,1,,,,Back end of failed double steal,
1907A2623,birmj101,1907,CLE,O,,SB,NYA190706040,1,2,,,,,
1907A2624,kleir101,1907,NYA,O,,SB,NYA190706040,0,1,,,,Back end of failed double steal,
1907A2628,bradb102,1907,CLE,O,,SH,NYA190706060,0,1,1907A2632,SWAP;PAA,,,
1907A2632,liebg101,1907,CLE,O,,SH,NYA190706060,1,0,1907A2628,SWAP;PAA,,,
1907A2659,conrw101,1907,NYA,O,,SB,NYA190706100,0,1,,,,Back end of failed double steal,
1907A2717,hoffd101,1907,NYA,O,,SB,NYA190706180,0,1,,,,,
1907A2727,butlk102,1907,SLA,O,,SB,NYA190706190,0,1,,,,Back end of failed double steal,
1907A2759,stong101,1907,SLA,O,,SB,NYA190706210,0,1,,,,,
1907A2780,andej101,1907,WS1,O,,SB,NYA190706280,1,2,,,,Back end of failed double steal,
1907A2790,altid101,1907,WS1,O,,SB,NYA190707011,0,1,,,,Back end of failed double steal,
1907A2815,willj106,1907,NYA,O,,SB,NYA190707020,0,1,,,,,
1907A2884,morig101,1907,NYA,D,3B,ERR,NYA190707262,3,2,,,,,
1907A2885,moore103,1907,NYA,D,P,ERR,NYA190707262,0,1,,,,,
1907A2900,lapof101,1907,NYA,O,,SB,NYA190708020,0,1,,,,Back end of failed double steal,
1907A2904,chash101,1907,NYA,O,,SB,NYA190708031,0,1,,,,,
1907A2911,donaj103,1907,CHA,O,,HR,NYA190708050,1,0,,,,,
1907A2912,morig101,1907,NYA,O,,SB,NYA190708050,1,2,,,,Back end of failed double steal,
1907A2919,rickb101,1907,NYA,D,OF,ERR,NYA190708050,0,1,,,,,
1907A3001,smitt101,1907,WS1,D,SS,ERR,NYA190709120,1,2,,,,,
1907A3010,shipb101,1907,WS1,O,,SB,NYA190709130,1,0,,,,,
1907A3019,bellr103,1907,NYA,O,,AB,NYA190709140,3,0,,,,,
1907A3024,altid101,1907,WS1,D,1B,ERR,NYA190709140,1,0,,,,,
1907A3041,schmb102,1907,DET,O,,SB,NYA190709212,1,2,,,,Back end of failed double steal,
1907A3062,bellr103,1907,NYA,O,,SB,NYA190709270,0,1,,,,,
1907A3073,bellr103,1907,NYA,O,,SB,NYA190709281,1,0,,,,,
1907A3085,hoffd101,1907,NYA,O,,SB,NYA190710010,1,0,,,,,
1907A3102,kleir101,1907,NYA,O,,2B,NYA190710030,0,1,,,,,
1907A3124,wagnh103,1907,BOS,O,,SB,NYA190710050,0,1,,,,,
1907A3145,davih101,1907,PHA,O,,SB,PHA190704130,0,1,,,,,
1907A3161,davih101,1907,PHA,D,1B,ERR,PHA190704220,1,0,,,,,
1907A3182,knigj102,1907,PHA,O,,SB,PHA190705291,1,0,,,,,
1907A3190,barrj103,1907,BOS,O,,SH,PHA190705292,1,0,,,,,
1907A3225,hahne101,1907,CHA,O,,SB,PHA190706040,1,0,,,,,
1907A3229,sullb102,1907,CHA,O,,H,PHA190706040,1,0,,,,,
1907A3230,sullb102,1907,CHA,O,,2B,PHA190706040,1,0,,,,,
1907A3267,nichs101,1907,PHA,D,2B,ERR,PHA190706110,1,0,,,,,
1907A3271,turnt105,1907,CLE,O,,2B,PHA190706150,1,2,,,,,
1907A3300,oldrr101,1907,PHA,O,,SB,PHA190706242,1,0,,,,,
1907A3327,bendc101,1907,PHA,O,,SB,PHA190708070,0,1,,,,,
1907A3330,kille101,1907,DET,O,,H,PHA190708070,1,0,,,,,
1907A3380,hoffd101,1907,NYA,O,,SB,PHA190709062,0,1,,,,,
1907A3389,collj103,1907,PHA,O,,H,PHA190709120,1,2,,,,,
1907A3390,davih101,1907,PHA,O,,H,PHA190709120,2,1,,,,,
1907A3411,ferrh101,1907,BOS,O,,2B,PHA190709141,0,1,,,,,
1907A3439,ferrh101,1907,BOS,D,2B,ERR,PHA190709142,2,1,,,,,
1907A3456,nichs101,1907,PHA,O,,AB,PHA190709240,5,4,,,,,
1907A3475,seybs101,1907,PHA,O,,AB,PHA190709260,4,3,,,,,
1907A3476,seybs101,1907,PHA,O,,SH,PHA190709260,0,1,,,,,
1907A3482,davih101,1907,PHA,O,,H,PHA190709300,3,4,,,,,
1907A3483,davih101,1907,PHA,O,,2B,PHA190709300,1,2,,,,,
1907A3484,davih101,1907,PHA,O,,SB,PHA190709300,0,1,,,,,
1907A3486,oldrr101,1907,PHA,O,,2B,PHA190709300,2,1,,,,,
1907A3497,oleac101,1907,DET,D,SS,ERR,PHA190709300,0,1,,,,,
1907A3504,dougp102,1907,CHA,O,,SH,SLA190704130,1,0,,,,,
1907A3533,jonef102,1907,CHA,O,,SH,SLA190709111,1,0,,,,,
1907A3561,pattc101,1907,WS1,O,,H,WS1190705290,0,1,,,,,
1907A3583,jonec106,1907,WS1,O,,AB,WS1190706080,5,4,,,,,
1907A3595,jonef102,1907,CHA,D,OF,ERR,WS1190706080,0,1,,,,,
1907A3661,jonec106,1907,WS1,O,,SB,WS1190709102,2,3,,,,Back end of failed double steal,
1907A3674,cougb101,1907,DET,O,,SB,WS1190710010,0,1,,,,,
1907A3680,cobbt101,1907,DET,O,,SB,WS1190710021,2,4,,,,,
1907A3681,rossc101,1907,DET,O,,SH,WS1190710021,0,1,,,,,
1907A3684,schmb102,1907,DET,O,,SH,WS1190710021,1,0,,,,,
1907A3686,schmb102,1907,DET,O,,SB,WS1190710021,0,1,,,,,
1907A3699,kay-b101,1907,WS1,O,,H,WS1190710022,1,0,,,,,
1907A3700,weldm101,1907,CHA,O,,AB,NYA190710030,0,1,1907A0285,,,,
1907A3701,weldm101,1907,CHA,O,,G,WS1190706120,1,0,,,,,
1907A3702,weldm101,1907,CHA,D,OF,G,WS1190706120,1,0,,,,,
1907A3703,weldm101,1907,CHA,O,,AB,WS1190706120,1,0,,,,,
1907A3939,quill101,1907,CHA,D,3B,ERR,CHA190705180,2,1,,,,,
1907A3940,roheg101,1907,CHA,D,3B,ERR,CHA190705180,0,1,,,,,
1907A3941,willj106,1907,NYA,D,2B,ERR,NYA190709211,1,0,,,,,
1907A3942,jonef102,1907,CHA,O,,SB,PHA190707270,0,1,,,,,
1907A3943,dougp102,1907,CHA,D,OF,ERR,PHA190707270,1,0,,,,,
1907A3944,delaj103,1907,WS1,O,,H,NYA190706270,2,1,,,,,
1907A3945,crosm101,1907,PHA,O,,SB,PHA190706070,0,1,,,,,
1907A3946,dougp102,1907,CHA,O,,AB,CHA190705060,2,3,,,,,
