ID,Player,Year,Team,Type,Pos,Cat,Game,Retro,Official,Cross,Code,,Notes,Accepted
1899N0001,hillb102,1899,CL4,D,OF,G,BSN189905310,1,0,,,,,
1899N0002,hillb102,1899,CL4,D,OF,LFG,BSN189905310,1,0,,,,,
1899N0003,dougk101,1899,PHI,O,,G,BLN189909271,0,1,,,,,
1899N0004,dougk101,1899,PHI,D,OF,G,BLN189909271,0,1,,,,,
1899N0005,dougk101,1899,PHI,D,OF,CFG,BLN189909271,0,1,,,,,
1899N0006,dougk101,1899,PHI,O,,AB,BLN189909271,0,3,,,,,
1899N0007,kitsf101,1899,BLN,O,,BB,,6,5,,,,ICI sheets show 6 walks not 5,
1899N0009,bakek101,1899,WSN,D,P,G,CHN189905280,1,0,,,,,
1899N0010,bakek101,1899,WSN,P,,G,CHN189905280,1,0,,,,,
1899N0011,bakek101,1899,WSN,P,,GF,CHN189905280,1,0,,,,,
1899N0012,bakek101,1899,WSN,P,,IP,CHN189905280,1,0,,,,,
1899N0013,bakek101,1899,WSN,P,,SV,CHN189905280,1,0,,,,,
1899N0014,weyhg101,1899,WSN,P,,CG,CHN189905280,0,1,,,,,
1899N0015,weyhg101,1899,WSN,P,,IP,CHN189905280,8,9,,,,,
1899N0016,dougk101,1899,PHI,O,,G,BSN189906160,1,0,,,,,
1899N0017,dougk101,1899,PHI,D,C,G,BSN189906160,1,0,,,,,
1899N0018,hoffb102,1899,PIT,P,,ER,PIT189907100,4,2,,,,,
1899N0020,stafg101,1899,BSN,O,,G,BSN189908171,1,0,,,,,
1899N0021,stafg101,1899,BSN,D,OF,G,BSN189908171,1,0,,,,,
1899N0022,stafg101,1899,BSN,D,OF,CFG,BSN189908171,1,0,,,,,
1899N0023,steih101,1899,CIN,O,,G,CIN189906112,1,0,,,,,
1899N0024,steih101,1899,CIN,D,2B,G,CIN189906112,1,0,,,,,
1899N0025,ortha101,1899,PHI,D,OF,RFG,PHI189905310,1,0,,,,,
1899N0026,ortha101,1899,PHI,D,OF,LFG,PHI189905310,0,1,,,,,
1899N0027,dextc101,1899,LS3,D,OF,G,PIT189905060,0,1,,,,,
1899N0028,dextc101,1899,LS3,D,OF,RFG,PIT189905060,0,1,,,,,
1899N0029,dextc101,1899,LS3,D,OF,RFG,LS3189905230,1,0,,,,,
1899N0030,grimj101,1899,BRO,O,,G,LS3189905230,1,0,,,,,
1899N0031,grimj101,1899,BRO,D,C,G,LS3189905230,1,0,,,,,
1899N0032,seymc101,1899,NY1,D,OF,G,NY1189909080,1,0,,,,,
1899N0033,seymc101,1899,NY1,D,OF,RFG,NY1189909080,1,0,,,,,
1899N0038,barrs101,1899,WSN,D,OF,G,PHI189906090,1,0,,,,,
1899N0039,barrs101,1899,WSN,D,OF,LFG,PHI189906090,1,0,,,,,
1899N0040,fifij101,1899,WSN,P,,ER,WSN189909160,8,6,,,,,
1899N0041,hughj102,1899,CL4,P,,ER,WSN189909182,5,4,,,,,
1899N0042,andej101,1899,BRO,O,,HR,,3,4,,,,ICI sheet shows 3 HR not 4,
1899N0043,mcphb101,1899,CIN,O,,AB,,373,377,,,,ICI sheet shows 373 AB not 377,
1899N0044,mcphb101,1899,CIN,O,,AB,NY1189905302,3,0,,,,ICI sheet is missing game,
1899N0054,obrit101,1899,NY1,O,,R,NY1189905302,1,0,,,,ICI sheet is missing game,
1899N0055,obrit101,1899,NY1,O,,2B,NY1189905302,1,0,,,,ICI sheet is missing game,
1899N0056,vanhg101,1899,NY1,O,,BB,NY1189905302,1,0,,,,ICI sheet is missing game,
1899N0057,dohee101,1899,NY1,P,,W,NY1189905302,1,0,,,,ICI sheet is missing game,
1899N0058,dohee101,1899,NY1,P,,IP,,265.1,277.2,,,,ICI sheet is 265.1 IP not 277.2,
1899N0059,dohee101,1899,NY1,P,,IP,NY1189905302,9,0,,,,ICI sheet is missing game,
1899N0060,dohee101,1899,NY1,P,,SO,,115,120,,,,ICI sheet 115 K not 120,
1899N0061,dohee101,1899,NY1,P,,SO,NY1189905302,6,0,,,,ICI sheet is missing game,
1899N0062,taylj102,1899,CIN,P,,L,NY1189905302,1,0,,,,ICI sheet is missing game,
1899N0063,taylj102,1899,CIN,P,,IP,,168.1,180.1,,,,ICI sheet shows 168.1 IP not 180.1,
1899N0064,taylj102,1899,CIN,P,,IP,NY1189905302,8,0,,,,ICI sheet is missing game,
1899N0142,tannj101,1899,PIT,P,,SO,,61,65,,,,ICI sheet shows 61 K not 65,
1899N0143,tannj101,1899,PIT,P,,SO,PIT189905030,3,0,,,,ICI sheet is missing game,
1899N0144,tannj101,1899,PIT,P,,W,PIT189905030,1,0,,,,ICI sheet is missing game,
1899N0145,dowlp101,1899,LS3,P,,L,PIT189905030,1,0,,,,ICI sheet is missing game,
1899N0146,dowlp101,1899,LS3,P,,BB,,93,95,,,,ICI sheet shows 93 BB not 95,
1899N0147,dowlp101,1899,LS3,P,,BB,PIT189905030,3,0,,,,ICI sheet is missing game,
1899N0148,schrp101,1899,PIT,O,,BB,,23,24,,,,ICI sheet shows 23 W not 24,
1899N0149,clarw104,1899,PIT,O,,BB,PIT189905030,1,0,,,,ICI sheet is missing game,
1899N0150,reith101,1899,PIT,O,,BB,PIT189905030,1,0,,,,ICI sheet is missing game,
1899N0151,hoy-d101,1899,LS3,O,,SB,,32,33,,,,ICI sheet shows 32 SB not 33,
1899N0152,ritcc101,1899,LS3,O,,AB,,536,540,,,,ICI sheet shows 536 AB not 540,
1899N0153,ritcc101,1899,LS3,O,,AB,PIT189905030,3,0,,,,ICI sheet is missing game,
1899N0154,mcgad102,1899,WSN,D,1B,ERR,,7,8,,,,ICI sheet shows 7 E not 8,
1899N0155,bailh102,1899,BSN,P,,HR,,6,7,,,,ICI sheet shows 6 HR not 7,
1899N0156,nichk101,1899,BSN,P,,HR,,10,11,,,,ICI sheet shows 10 HR not 11,
1899N0157,batef101,1899,CL4,P,,HR,,7,6,,,,ICI sheet shows 7 HR not 6,
1899N0158,breit101,1899,CIN,P,,HR,,1,2,,,,,ICI sheet shows 1 HR not 2
1899N0159,dammb101,1899,CIN,P,,HR,,1,0,,,,,ICI sheet shows 1 HR not 0
1899N0160,frasc101,1899,PHI,P,,HR,,2,1,,,,,ICI sheet shows 2 HR not 1
1899N0161,piatw101,1899,PHI,P,,HR,,5,6,,,,,ICI sheet shows 5 HR not 6
1899N0162,meekj101,1899,NY1,P,,HR,,3,4,,,,,ICI sheet shows 3 HR not 4
1899N0163,grayc101,1899,PIT,P,,HR,,2,1,,,,,ICI sheet shows 2 HR not 1
1899N0164,hoffb102,1899,PIT,P,,HR,,6,5,,,,,ICI sheet shows 6 HR not 5
1899N0165,leevs101,1899,PIT,P,,HR,,5,7,,,,,ICI sheet shows 5 HR not 7
1899N0166,paynh101,1899,PIT,P,,HR,,1,2,,,,,ICI sheet shows 1 HR not 2
1899N0167,rosez101,1899,PIT,P,,HR,,1,0,,,,,ICI sheet shows 1 HR not 0
1899N0168,cuppn101,1899,SLN,P,,HR,,4,3,,,,,ICI sheet shows 4 HR not 3
1899N0169,donlm101,1899,SLN,P,,HR,,0,1,,,,,ICI sheet shows 0 HR not 1
1899N0170,jonec107,1899,SLN,P,,HR,,0,1,,,,,ICI sheet shows 0 HR not 1
1899N0171,powej105,1899,SLN,P,,HR,,16,15,,,,,ICI sheet shows 16 HR not 15
1899N0172,wilsz101,1899,SLN,P,,HR,,1,0,,,,,ICI sheet shows 1 HR not 0
1899N0173,younc102,1899,SLN,P,,HR,,9,10,,,,,ICI sheet shows 9 HR not 10
1899N0174,chanf101,1899,CHN,O,,G,CHN189905190,1,0,,,,Chance PR in 9th inning,
1899N0175,nicha101,1899,CHN,O,,G,CHN189905220,1,0,,,,Nichols PR in 9th inning,
1899N0176,nicha101,1899,CHN,O,,G,CHN189905260,1,0,,,,Nichols PR in 9th inning,
1899N0177,quinf103,1899,CHN,D,OF,LFG,CHN189910020,0,1,,,,,
1899N0178,quinf103,1899,CHN,D,OF,RFG,CHN189910020,1,0,,,,,
1899N0179,hartt102,1899,LS3,O,,G,LS3189904150,1,0,,,,Hartsel PR in 9th inning,
1899N0180,powem102,1899,LS3,O,,G,CIN189908050,1,0,,,,Powers PH in 9th inning,
1899N0181,powem102,1899,LS3,O,,AB,CIN189908050,1,0,,,,Powers PH for Phillippe in 9th inning,
1899N0182,steef101,1899,LS3,O,,G,SLN189909280,1,0,,,,Steelman PH in 9th inning,
1899N0183,steef101,1899,LS3,O,,AB,SLN189909280,1,0,,,,Steelman PH for Waddell in 9th inning,
1899N0184,phild101,1899,LS3,O,,AB,CIN189908050,2,3,,,,Powers PH for Phillippe in 9th inning,
1899N0185,waddr101,1899,LS3,O,,AB,SLN189909280,3,4,,,,Steelman PH for Waddell in 9th inning,
1899N0186,dunnj102,1899,BRO,O,,G,BRO189909200,1,0,,,,Dunn PR in 8th inning,
1899N0187,fifij101,1899,PHI,O,,G,PIT189905250,1,0,,,,Fifield PR in 9th inning,
1899N0188,mcfae101,1899,PHI,O,,3B,,10,9,,,,ICI sheet shows 10 3B not 9,
1899N0189,mcfae101,1899,PHI,O,,HR,,1,2,,,,ICI sheet shows 1 HR not 2,
1899N0190,madia101,1899,PIT,D,OF,G,PHI189906020,1,0,,,,,
1899N0192,gardj101,1899,PIT,O,,G,PHI189906020,1,0,,,,,
1899N0193,gardj101,1899,PIT,D,OF,G,PHI189906020,1,0,,,,,
1899N0194,gardj101,1899,PIT,D,OF,RFG,PHI189906020,1,0,,,,,
1899N0195,beaug101,1899,PIT,D,OF,G,,102,100,,,,ICI sheet shows 102 OF G not 100,
1899N0196,beaug101,1899,PIT,D,OF,CFG,PIT189905120,1,0,,,,,
1899N0197,beaug101,1899,PIT,D,OF,RFG,PIT189905120,0,1,,,,,
1899N0198,donop101,1899,PIT,D,OF,RFG,PIT189905120,1,0,,,,,
1899N0199,donop101,1899,PIT,D,OF,CFG,PIT189905120,0,1,,,,,
1899N0200,gettj101,1899,WSN,O,,G,WSN189904250,1,0,,,,Gettman PH for Dinneen,
1899N0201,gettj101,1899,WSN,O,,AB,WSN189904250,1,0,,,,Gettman PH for Dinneen,
1899N0202,mcgud101,1899,WSN,O,,AB,,199,195,,,,ICI sheet shows 199 AB not 195,
1899N0203,mcgad102,1899,WSN,O,,AB,,280,284,,,,ICI sheet shows 280 AB not 284,
1899N0204,mcgad102,1899,WSN,D,1B,G,,76,77,,,,ICI sheet shows 76 G at 1B not 77,
1899N0205,mercw101,1899,WSN,D,3B,G,CIN189907231,0,1,,,,,
1899N0206,howeh101,1899,BLN,O,,G,BLN189906050,1,0,,,,,
1899N0207,howeh101,1899,BLN,D,3B,G,BLN189906050,1,0,,,,,
1899N0208,brods101,1899,BLN,D,OF,CFG,BRO189904250,1,0,,,,,
1899N0209,brods101,1899,BLN,D,OF,RFG,BRO189904250,0,1,,,,,
1899N0210,shecj101,1899,BLN,D,OF,CFG,BRO189904250,0,1,,,,,
1899N0211,stahc101,1899,BSN,O,,3B,,18,19,,,,ICI sheet shows 18 T not 19,
1899N0212,obrit101,1899,NY1,O,,R,,100,101,,,,ICI sheet shows 100 R not 101,
1899N0213,obrit101,1899,NY1,O,,2B,,21,22,,,,ICI sheet shows 21 D not 22,
1899N0214,vanhg101,1899,NY1,O,,BB,,74,75,,,,ICI sheet shows 74 BB not 75,
1899N0215,fostp101,1899,NY1,D,OF,RFG,,83,84,,,,ICI sheet shows 83 games in RF not 84,
1899N0216,vanhg101,1899,NY1,D,OF,CFG,,130,129,,,,ICI sheet shows 130 games in CF not 129,
1899N0218,woodb101,1899,CIN,D,OF,LFG,NY1189906010,0,1,,,,ICI sheet only shows 2 OF games by Wood neither in LF,
1899N0219,woodb101,1899,CIN,D,OF,CFG,NY1189905310,0,1,,,,,
1899N0220,woodb101,1899,CIN,D,OF,RFG,NY1189905310,1,0,,,,,
1899N0223,barrj103,1899,CIN,D,OF,CFG,,3,0,,,,ICI sheet shows 3 games in CF by Barrett; none in LF,
1899N0224,barrj103,1899,CIN,D,OF,LFG,,0,3,,,,ICI sheet shows 3 games in CF by Barrett; none in LF,
1899N0225,irwic101,1899,CIN,D,3B,G,CIN189906112,1,0,,,,ICI sheet has no 3B for this game,
1899N0226,irwic101,1899,CIN,D,2B,G,CIN189906112,0,1,,,,ICI sheet has no 3B for this game,
1899N0227,mcals101,1899,CL4,D,OF,G,CHN189908061,1,0,,,,,
1899N0228,mcals101,1899,CL4,D,OF,RFG,CHN189908061,1,0,,,,,
1899N0229,powej105,1899,SLN,O,,3B,,2,1,,,,ICI sheet shows 2 3B not 1,
1899N0230,powej105,1899,SLN,O,,HR,,0,1,,,,ICI sheet shows 0 HR not 1,
1899N0231,blakh101,1899,SLN,D,C,PB,SLN189907300,1,0,,,,ICI sheet shows Blake w PB on 7/30,
1899N0232,burkj101,1899,SLN,D,OF,LFG,BLN189908090,1,0,,,,,
1899N0233,burkj101,1899,SLN,D,OF,RFG,BLN189908090,0,1,,,,,
1899N0234,heide101,1899,SLN,D,OF,RFG,BLN189908090,1,0,,,,,
1899N0236,dinnb101,1899,WSN,O,,AB,WSN189904250,0,1,,,,Gettman PH for Dinneen,
1899N0237,mercw101,1899,WSN,D,OF,G,CIN189907231,1,0,,,,,
1899N0238,mercw101,1899,WSN,D,OF,RFG,CIN189907231,1,0,,,,,
1899N0239,stahc101,1899,BSN,O,,HR,,8,7,,,,ICI sheet shows 8 HR not 7,
1899N0240,beaug101,1899,PIT,D,OF,CFG,,98,96,,,,ICI sheet shows 98 games in CF not 96,
1899N0241,harld101,1899,CL4,D,OF,LFG,,141,140,,,,ICI sheet shows 141 games in LF not 140 (LF/RF on 5/31),
1899N0242,mcals101,1899,CL4,D,OF,LFG,BSN189905310,0,1,,,,,
1899N0243,milld105,1899,CIN,D,OF,RFG,NY1189905310,0,1,,,,,
1899N0244,milld105,1899,CIN,D,OF,CFG,NY1189905310,1,0,,,,,
1899N0245,woodb101,1899,CIN,D,OF,RFG,NY1189906010,1,0,,,,ICI sheet shows Wood in RF in this game,
1899N0246,mcgad102,1899,WSN,O,,G,,76,77,,,,ICI sheet shows 76 G not 77,
1899N0247,mcgud101,1899,WSN,O,,G,,59,58,,,,ICI sheet shows 59 G not 58,
1899N0248,dohee101,1899,NY1,P,,ER,BLN189904150,2,3,,,,,
1899N0249,kitsf101,1899,BLN,P,,ER,BLN189904150,1,3,,,,,
1899N0250,millr103,1899,BLN,P,,ER,BLN189904190,6,5,,,,,
1899N0251,mcgij101,1899,BLN,P,,ER,BLN189905030,3,4,,,,,
1899N0252,wheeg102,1899,PHI,P,,ER,BLN189905050,4,3,,,,,
1899N0253,dohee101,1899,NY1,P,,ER,BLN189905150,3,1,,,,,
1899N0254,jonec107,1899,SLN,P,,ER,BLN189905301,2,0,,,,,
1899N0255,kitsf101,1899,BLN,P,,ER,BLN189905301,2,5,,,,,
1899N0256,nopsj101,1899,BLN,P,,ER,BLN189905302,3,4,,,,,
1899N0257,younc102,1899,SLN,P,,ER,BLN189905302,6,4,,,,,
1899N0258,mckek101,1899,BLN,P,,ER,BLN189905310,1,2,,,,,
1899N0259,cuppn101,1899,SLN,P,,ER,BLN189906010,1,0,,,,,
1899N0260,mcgij101,1899,BLN,P,,ER,BLN189906010,0,1,,,,,
1899N0261,nopsj101,1899,BLN,P,,ER,BLN189906030,6,9,,,,,
1899N0262,grifc101,1899,CHN,P,,ER,BLN189906050,1,0,,,,,
1899N0263,nopsj101,1899,BLN,P,,ER,BLN189906060,0,1,,,,,
1899N0264,kitsf101,1899,BLN,P,,ER,BLN189906070,1,2,,,,,
1899N0265,gardj101,1899,PIT,P,,ER,BLN189906080,5,6,,,,,
1899N0266,howeh101,1899,BLN,P,,ER,BLN189906080,4,1,,,,,
1899N0267,paynh101,1899,PIT,P,,ER,BLN189906080,4,3,,,,,
1899N0268,mcgij101,1899,BLN,P,,ER,BLN189906131,2,1,,,,,
1899N0269,mcjad101,1899,BRO,P,,ER,BLN189906131,8,6,,,,,
1899N0270,mcfad101,1899,WSN,P,,ER,BLN189906150,0,2,,,,,
1899N0271,nopsj101,1899,BLN,P,,ER,BLN189907050,4,2,,,,,
1899N0272,howeh101,1899,BLN,P,,ER,BLN189907110,0,3,,,,,
1899N0273,mcgij101,1899,BLN,P,,ER,BLN189907110,6,3,,,,,
1899N0274,knepc101,1899,CL4,P,,ER,BLN189907152,3,5,,,,,
1899N0275,hughj102,1899,CL4,P,,ER,BLN189907171,2,1,,,,,
1899N0276,batef101,1899,CL4,P,,ER,BLN189907172,14,8,,,,,
1899N0277,kitsf101,1899,BLN,P,,ER,BLN189907200,3,2,,,,,
1899N0278,knepc101,1899,CL4,P,,ER,BLN189907271,7,5,,,,,
1899N0279,mcgij101,1899,BLN,P,,ER,BLN189907271,2,1,,,,,
1899N0280,collh101,1899,CL4,P,,ER,BLN189907272,8,9,,,,,
1899N0281,howeh101,1899,BLN,P,,ER,BLN189908080,4,5,,,,,
1899N0282,sudhw101,1899,SLN,P,,ER,BLN189908080,5,0,,,,,
1899N0283,chesj101,1899,PIT,P,,ER,BLN189908120,11,8,,,,,
1899N0284,howeh101,1899,BLN,P,,ER,BLN189908140,2,0,,,,,
1899N0285,spart101,1899,PIT,P,,ER,BLN189908140,5,6,,,,,
1899N0286,tannj101,1899,PIT,P,,ER,BLN189908140,6,7,,,,,
1899N0287,cogad101,1899,CHN,P,,ER,BLN189908160,1,2,,,,,
1899N0288,taylj101,1899,CHN,P,,ER,BLN189908170,10,11,,,,,
1899N0289,nopsj101,1899,BLN,P,,ER,BLN189908181,7,8,,,,,
1899N0290,taylj101,1899,CHN,P,,ER,BLN189908181,9,8,,,,,
1899N0291,howeh101,1899,BLN,P,,ER,BLN189908182,2,4,,,,,
1899N0292,mercw101,1899,WSN,P,,ER,BLN189908190,10,11,,,,,
1899N0293,mcgij101,1899,BLN,P,,ER,BLN189908221,5,4,,,,,
1899N0294,howeh101,1899,BLN,P,,ER,BLN189908222,3,5,,,,,
1899N0295,nopsj101,1899,BLN,P,,ER,BLN189909132,4,2,,,,,
1899N0296,phild101,1899,LS3,P,,ER,BLN189909132,7,0,,,,,
1899N0297,cunnb103,1899,LS3,P,,ER,BLN189909140,4,2,,,,,
1899N0298,kitsf101,1899,BLN,P,,ER,BLN189909140,6,0,,,,,
1899N0299,nopsj101,1899,BLN,P,,ER,BLN189909160,3,4,,,,,
1899N0300,schmc101,1899,CL4,P,,ER,BLN189909200,4,2,,,,,
1899N0301,dunnj102,1899,BRO,P,,ER,BLN189909280,3,0,,,,,
1899N0302,hughj105,1899,BRO,P,,ER,BLN189909290,2,3,,,,,
1899N0303,kennb101,1899,BRO,P,,ER,BLN189909300,6,0,,,,,
1899N0304,ortha101,1899,PHI,P,,ER,BLN189910040,4,0,,,,,
1899N0305,nopsj101,1899,BLN,P,,ER,BLN189910100,4,5,,,,,
1899N0306,nopsj101,1899,BLN,P,,ER,BRO189904260,4,3,,,,,
1899N0307,mcfad101,1899,WSN,P,,ER,BRO189905131,11,12,,,,,
1899N0308,piatw101,1899,PHI,P,,ER,BRO189905150,8,4,,,,,
1899N0309,mageb101,1899,LS3,P,,ER,BRO189905301,4,0,,,,,
1899N0310,phild101,1899,LS3,P,,ER,BRO189906010,6,3,,,,,
1899N0311,carsk102,1899,CL4,P,,ER,BRO189906020,5,4,,,,,
1899N0312,hillb102,1899,CL4,P,,ER,BRO189906030,8,11,,,,,
1899N0313,kennb101,1899,BRO,P,,ER,BRO189906030,3,2,,,,,
1899N0314,philb101,1899,CIN,P,,ER,BRO189906090,4,3,,,,,
1899N0315,grifc101,1899,CHN,P,,ER,BRO189907140,2,1,,,,,
1899N0316,mcjad101,1899,BRO,P,,ER,BRO189907140,0,1,,,,,
1899N0317,mcjad101,1899,BRO,P,,ER,BRO189908040,1,2,,,,,
1899N0318,meekj101,1899,NY1,P,,ER,BRO189908070,3,2,,,,,
1899N0319,hahnn101,1899,CIN,P,,ER,BRO189908090,5,6,,,,,
1899N0320,dowlp101,1899,LS3,P,,ER,BRO189908121,6,5,,,,,
1899N0321,dunnj102,1899,BRO,P,,ER,BRO189908121,3,2,,,,,
1899N0322,wilhh102,1899,LS3,P,,ER,BRO189908122,5,4,,,,,
1899N0323,cunnb103,1899,LS3,P,,ER,BRO189908140,4,3,,,,,
1899N0324,knepc101,1899,CL4,P,,ER,BRO189908150,5,4,,,,,
1899N0325,hughj102,1899,CL4,P,,ER,BRO189909011,6,7,,,,,
1899N0326,carrb102,1899,NY1,P,,ER,BRO189909050,13,12,,,,,
1899N0327,kennb101,1899,BRO,P,,ER,BRO189909070,0,1,,,,,
1899N0328,hillb102,1899,BRO,P,,ER,BRO189909130,3,1,,,,,
1899N0329,leevs101,1899,PIT,P,,ER,BRO189909141,4,5,,,,,
1899N0330,mcjad101,1899,BRO,P,,ER,BRO189909141,4,3,,,,,
1899N0331,evanr102,1899,WSN,P,,ER,BRO189909250,4,5,,,,,
1899N0333,mcjad101,1899,BRO,P,,ER,BRO189910100,4,2,,,,,
1899N0334,howeh101,1899,BLN,P,,ER,BRO189910142,6,2,,,,,
1899N0335,kennb101,1899,BRO,P,,ER,BSN189905060,9,3,,,,,
1899N0336,klobf101,1899,BSN,P,,ER,BSN189905100,4,3,,,,,
1899N0337,hickc101,1899,BSN,P,,ER,BSN189905310,8,9,,,,,
1899N0338,hughj102,1899,CL4,P,,ER,BSN189905310,4,7,,,,,
1899N0339,stivj101,1899,CL4,P,,ER,BSN189905310,7,5,,,,,
1899N0340,sudhw101,1899,CL4,P,,ER,BSN189906010,6,10,,,,,
1899N0341,dammb101,1899,CIN,P,,ER,BSN189906050,7,6,,,,,
1899N0342,lewit101,1899,BSN,P,,ER,BSN189906170,3,2,,,,,
1899N0343,taylj101,1899,CHN,P,,ER,BSN189907120,1,2,,,,,
1899N0345,hoffb102,1899,PIT,P,,ER,BSN189907170,2,1,,,,,
1899N0346,lewit101,1899,BSN,P,,ER,BSN189907170,5,4,,,,,
1899N0347,spart101,1899,PIT,P,,ER,BSN189907170,3,5,,,,,
1899N0348,killf101,1899,BSN,P,,ER,BSN189907180,5,7,,,,,
1899N0349,powej105,1899,SLN,P,,ER,BSN189907180,3,2,,,,,
1899N0350,hughj102,1899,CL4,P,,ER,BSN189908080,17,18,,,,,
1899N0351,taylj102,1899,CIN,P,,ER,BSN189908121,1,2,,,,,
1899N0352,willv101,1899,BSN,P,,ER,BSN189908121,4,2,,,,,
1899N0353,philb101,1899,CIN,P,,ER,BSN189908140,8,3,,,,,
1899N0354,willv101,1899,BSN,P,,ER,BSN189908161,2,3,,,,,
1899N0355,woodw102,1899,LS3,P,,ER,BSN189908162,3,5,,,,,
1899N0356,cunnb103,1899,LS3,P,,ER,BSN189908171,4,3,,,,,
1899N0357,nichk101,1899,BSN,P,,ER,BSN189908171,3,5,,,,,
1899N0358,phild101,1899,LS3,P,,ER,BSN189908181,2,3,,,,,
1899N0359,yeagj101,1899,BRO,P,,ER,BSN189908190,2,1,,,,,
1899N0360,powej105,1899,SLN,P,,ER,BSN189909110,4,5,,,,,
1899N0361,younc102,1899,SLN,P,,ER,BSN189909131,3,2,,,,,
1899N0362,meekj101,1899,BSN,P,,ER,BSN189909141,3,4,,,,,
1899N0363,chesj101,1899,PIT,P,,ER,BSN189909150,4,7,,,,,
1899N0364,bailh102,1899,BSN,P,,ER,BSN189909160,2,3,,,,,
1899N0365,grayc101,1899,PIT,P,,ER,BSN189909181,5,4,,,,,
1899N0366,bailh102,1899,BSN,P,,ER,BSN189909280,5,7,,,,,
1899N0367,mcfad101,1899,WSN,P,,ER,BSN189909292,3,2,,,,,
1899N0368,gettc101,1899,NY1,P,,ER,BSN189910021,8,9,,,,,
1899N0369,nichk101,1899,BSN,P,,ER,BSN189910040,0,1,,,,,
1899N0370,taylj101,1899,CHN,P,,ER,CHN189905060,3,4,,,,,
1899N0371,kitsf101,1899,BLN,P,,ER,CHN189905190,0,1,,,,,
1899N0372,nopsj101,1899,BLN,P,,ER,CHN189905200,4,3,,,,,
1899N0373,mcgij101,1899,BLN,P,,ER,CHN189905210,4,5,,,,,
1899N0374,donar101,1899,PHI,P,,ER,CHN189905230,8,7,,,,,
1899N0375,frasc101,1899,PHI,P,,ER,CHN189905240,6,5,,,,,
1899N0376,katoj101,1899,CHN,P,,ER,CHN189905240,10,12,,,,,
1899N0377,taylj101,1899,CHN,P,,ER,CHN189906180,2,1,,,,,
1899N0378,nichk101,1899,BSN,P,,ER,CHN189906200,0,1,,,,,
1899N0379,killf101,1899,BSN,P,,ER,CHN189906210,3,1,,,,,
1899N0380,taylj101,1899,CHN,P,,ER,CHN189906250,4,3,,,,,
1899N0381,phylb101,1899,CHN,P,,ER,CHN189907010,6,5,,,,,
1899N0382,phylb101,1899,CHN,P,,ER,CHN189907240,3,0,,,,,
1899N0383,taylj101,1899,CHN,P,,ER,CHN189907260,2,3,,,,,
1899N0384,mageb101,1899,PHI,P,,ER,CHN189907270,7,9,,,,,
1899N0385,schmc101,1899,CL4,P,,ER,CHN189908061,6,4,,,,,
1899N0386,collh101,1899,CL4,P,,ER,CHN189908062,7,4,,,,,
1899N0387,cogad101,1899,CHN,P,,ER,CHN189908201,3,1,,,,,
1899N0388,grifc101,1899,CHN,P,,ER,CHN189908270,1,0,,,,,
1899N0389,gettc101,1899,NY1,P,,ER,CHN189908290,0,1,,,,,
1899N0390,nichk101,1899,BSN,P,,ER,CHN189909010,2,1,,,,,
1899N0391,tannj101,1899,PIT,P,,ER,CHN189909041,1,0,,,,,
1899N0392,spart101,1899,PIT,P,,ER,CHN189909050,8,7,,,,,
1899N0393,garvn101,1899,CHN,P,,ER,CHN189909060,5,3,,,,,
1899N0394,knepc101,1899,CL4,P,,ER,CHN189909070,4,3,,,,,
1899N0395,grayc101,1899,PIT,P,,ER,CHN189909272,3,5,,,,,
1899N0396,garvn101,1899,CHN,P,,ER,CHN189909300,8,9,,,,,
1899N0397,cronj102,1899,CIN,P,,ER,CHN189910010,2,3,,,,,
1899N0398,calln101,1899,CHN,P,,ER,CHN189910030,6,4,,,,,
1899N0399,grifc101,1899,CHN,P,,ER,CHN189910082,3,1,,,,,
1899N0400,phild101,1899,LS3,P,,ER,CHN189910152,3,2,,,,,
1899N0401,taylj102,1899,CIN,P,,ER,CIN189904160,3,4,,,,,
1899N0402,hahnn101,1899,CIN,P,,ER,CIN189904180,2,4,,,,,
1899N0403,leevs101,1899,PIT,P,,ER,CIN189904190,3,2,,,,,
1899N0404,dwyef101,1899,CIN,P,,ER,CIN189904200,4,3,,,,,
1899N0405,taylj102,1899,CIN,P,,ER,CIN189904210,6,5,,,,,
1899N0406,taylj102,1899,CIN,P,,ER,CIN189904230,1,0,,,,,
1899N0407,hawlp101,1899,CIN,P,,ER,CIN189905030,5,6,,,,,
1899N0408,younc102,1899,SLN,P,,ER,CIN189905130,4,3,,,,,
1899N0409,kennb101,1899,BRO,P,,ER,CIN189905190,4,3,,,,,
1899N0410,dunnj102,1899,BRO,P,,ER,CIN189905200,3,4,,,,,
1899N0411,hahnn101,1899,CIN,P,,ER,CIN189905210,4,5,,,,,
1899N0412,meekj101,1899,NY1,P,,ER,CIN189905230,3,4,,,,,
1899N0413,taylj102,1899,CIN,P,,ER,CIN189905230,7,6,,,,,
1899N0414,philb101,1899,CIN,P,,ER,CIN189905240,1,0,,,,,
1899N0415,seymc101,1899,NY1,P,,ER,CIN189905240,5,7,,,,,
1899N0416,hahnn101,1899,CIN,P,,ER,CIN189905260,6,4,,,,,
1899N0417,philb101,1899,CIN,P,,ER,CIN189905270,6,8,,,,,
1899N0418,hawlp101,1899,CIN,P,,ER,CIN189905280,6,5,,,,,
1899N0419,mcgij101,1899,BLN,P,,ER,CIN189905280,6,7,,,,,
1899N0420,taylj102,1899,CIN,P,,ER,CIN189905280,4,5,,,,,
1899N0421,dowlp101,1899,LS3,P,,ER,CIN189906111,0,1,,,,,
1899N0422,batef101,1899,CL4,P,,ER,CIN189906112,6,5,,,,,
1899N0423,mcgij101,1899,BLN,P,,ER,CIN189906251,1,4,,,,,
1899N0424,hahnn101,1899,CIN,P,,ER,CIN189907041,2,3,,,,,
1899N0425,weyhg101,1899,WSN,P,,ER,CIN189907231,2,1,,,,,
1899N0426,hawlp101,1899,CIN,P,,ER,CIN189907261,6,5,,,,,
1899N0427,willv101,1899,BSN,P,,ER,CIN189907261,5,4,,,,,
1899N0428,carrb102,1899,NY1,P,,ER,CIN189907290,8,4,,,,,
1899N0429,hahnn101,1899,CIN,P,,ER,CIN189907300,4,2,,,,,
1899N0430,mcjad101,1899,BRO,P,,ER,CIN189907310,1,0,,,,,
1899N0431,hahnn101,1899,CIN,P,,ER,CIN189908050,1,0,,,,,
1899N0432,breit101,1899,CIN,P,,ER,CIN189908200,4,6,,,,,
1899N0433,taylj102,1899,CIN,P,,ER,CIN189908222,3,4,,,,,
1899N0434,breit101,1899,CIN,P,,ER,CIN189908232,1,2,,,,,
1899N0435,breit101,1899,CIN,P,,ER,CIN189908280,2,4,,,,,
1899N0436,nopsj101,1899,BLN,P,,ER,CIN189908280,6,7,,,,,
1899N0437,kitsf101,1899,BLN,P,,ER,CIN189908290,0,1,,,,,
1899N0438,howeh101,1899,BLN,P,,ER,CIN189908300,4,3,,,,,
1899N0440,frasc101,1899,PHI,P,,ER,CIN189909010,7,6,,,,,
1899N0441,frise101,1899,CIN,P,,ER,CIN189909020,6,5,,,,,
1899N0442,cunnb103,1899,LS3,P,,ER,CIN189909031,5,6,,,,,
1899N0443,batef101,1899,CL4,P,,ER,CIN189909051,16,8,,,,,
1899N0444,frise101,1899,CIN,P,,ER,CIN189909052,6,5,,,,,
1899N0445,cunnb103,1899,LS3,P,,ER,CIN189909102,6,7,,,,,
1899N0446,cronj102,1899,CIN,P,,ER,CIN189909241,13,14,,,,,
1899N0447,grifc101,1899,CHN,P,,ER,CIN189909241,4,3,,,,,
1899N0448,calln101,1899,CHN,P,,ER,CIN189909242,10,11,,,,,
1899N0449,frise101,1899,CIN,P,,ER,CIN189910050,4,3,,,,,
1899N0450,mcals101,1899,CL4,P,,ER,CIN189910151,14,12,,,,,
1899N0451,kolbe101,1899,CL4,P,,ER,CIN189910152,13,9,,,,,
1899N0452,mageb101,1899,LS3,P,,ER,CL4189905022,8,7,,,,,
1899N0453,carsk102,1899,CL4,P,,ER,CL4189905050,7,8,,,,,
1899N0454,piatw101,1899,PHI,P,,ER,CL4189905200,3,4,,,,,
1899N0455,bakek101,1899,WSN,P,,ER,CL4189905230,2,3,,,,,
1899N0456,carsk102,1899,CL4,P,,ER,CL4189905240,8,7,,,,,
1899N0457,dinnb101,1899,WSN,P,,ER,CL4189905240,1,3,,,,,
1899N0458,spart101,1899,PIT,P,,ER,CL4189906120,1,2,,,,,
1899N0459,leevs101,1899,PIT,P,,ER,CL4189906150,2,1,,,,,
1899N0460,batef101,1899,CL4,P,,ER,CL4189906190,6,3,,,,,
1899N0461,mauph101,1899,CL4,P,,ER,CL4189906220,8,7,,,,,
1899N0462,batef101,1899,CL4,P,,ER,CL4189906230,6,5,,,,,
1899N0463,schmc101,1899,CL4,P,,ER,CL4189906270,4,3,,,,,
1899N0464,batef101,1899,CL4,P,,ER,CL4189907011,6,7,,,,,
1899N0465,schmc101,1899,CL4,P,,ER,CL4189907012,5,6,,,,,
1899N0466,batef101,1899,CL4,P,,ER,CL4189908240,5,6,,,,,
1899N0467,knepc101,1899,CL4,P,,ER,CL4189908250,0,1,,,,,
1899N0468,hughj102,1899,CL4,P,,ER,CL4189908280,3,2,,,,,
1899N0469,knepc101,1899,CL4,P,,ER,CL4189908291,4,8,,,,,
1899N0470,harpj102,1899,CL4,P,,ER,LS3189909242,3,2,,,,,
1899N0471,calln101,1899,CHN,P,,ER,LS3189904150,1,0,,,,,
1899N0472,carsk102,1899,CL4,P,,ER,LS3189904221,1,0,,,,,
1899N0473,lochh101,1899,CL4,P,,ER,LS3189904222,2,0,,,,,
1899N0474,stivj101,1899,CL4,P,,ER,LS3189904222,4,0,,,,,
1899N0475,woodw102,1899,LS3,P,,ER,LS3189904222,2,1,,,,,
1899N0476,cunnb103,1899,LS3,P,,ER,LS3189905220,2,3,,,,,
1899N0477,dowlp101,1899,LS3,P,,ER,LS3189905230,8,6,,,,,
1899N0478,dowlp101,1899,LS3,P,,ER,LS3189905270,6,4,,,,,
1899N0479,phild101,1899,LS3,P,,ER,LS3189906170,5,2,,,,,
1899N0480,howeh101,1899,BLN,P,,ER,LS3189906190,2,3,,,,,
1899N0481,hillb102,1899,BLN,P,,ER,LS3189906210,4,2,,,,,
1899N0482,mckek101,1899,BLN,P,,ER,LS3189906210,1,2,,,,,
1899N0483,mercw101,1899,WSN,P,,ER,LS3189906230,8,7,,,,,
1899N0484,fifij101,1899,PHI,P,,ER,LS3189906290,7,6,,,,,
1899N0485,piatw101,1899,PHI,P,,ER,LS3189906300,6,5,,,,,
1899N0486,woodw102,1899,LS3,P,,ER,LS3189906300,5,6,,,,,
1899N0487,donar101,1899,PHI,P,,ER,LS3189907010,2,0,,,,,
1899N0488,hawlp101,1899,CIN,P,,ER,LS3189907050,5,3,,,,,
1899N0489,breit101,1899,CIN,P,,ER,LS3189907070,6,5,,,,,
1899N0490,dowlp101,1899,LS3,P,,ER,LS3189907070,1,2,,,,,
1899N0491,mcjad101,1899,BRO,P,,ER,LS3189907220,8,7,,,,,
1899N0492,hughj105,1899,BRO,P,,ER,LS3189907260,2,1,,,,,
1899N0493,phild101,1899,LS3,P,,ER,LS3189907271,2,3,,,,,
1899N0494,knepc101,1899,CL4,P,,ER,LS3189907301,7,6,,,,,
1899N0495,brask101,1899,LS3,P,,ER,LS3189907302,1,3,,,,,
1899N0496,dowlp101,1899,LS3,P,,ER,LS3189907302,6,7,,,,,
1899N0497,knepc101,1899,CL4,P,,ER,LS3189908220,12,7,,,,,
1899N0498,nopsj101,1899,BLN,P,,ER,LS3189908240,2,3,,,,,
1899N0499,kitsf101,1899,BLN,P,,ER,LS3189908260,4,1,,,,,
1899N0500,dowlp101,1899,LS3,P,,ER,LS3189908272,4,3,,,,,
1899N0501,howeh101,1899,BLN,P,,ER,LS3189908272,3,2,,,,,
1899N0502,piatw101,1899,PHI,P,,ER,LS3189908290,6,5,,,,,
1899N0503,freeb102,1899,WSN,P,,ER,LS3189909020,7,6,,,,,
1899N0504,carrb102,1899,NY1,P,,ER,NY1189904210,3,4,,,,,
1899N0505,dohee101,1899,NY1,P,,ER,NY1189904220,5,3,,,,,
1899N0506,mckek101,1899,BLN,P,,ER,NY1189904220,7,4,,,,,
1899N0507,carrb102,1899,NY1,P,,ER,NY1189904290,6,7,,,,,
1899N0508,fifij101,1899,PHI,P,,ER,NY1189905030,3,0,,,,,
1899N0509,mcfad101,1899,WSN,P,,ER,NY1189905080,5,3,,,,,
1899N0510,bakek101,1899,WSN,P,,ER,NY1189905090,5,6,,,,,
1899N0511,dunkd101,1899,WSN,P,,ER,NY1189905090,6,8,,,,,
1899N0512,carrb102,1899,NY1,P,,ER,NY1189905301,6,4,,,,,
1899N0513,dohee101,1899,NY1,P,,ER,NY1189906060,3,4,,,,,
1899N0514,stivj101,1899,CL4,P,,ER,NY1189906080,4,3,,,,,
1899N0515,carsk102,1899,CL4,P,,ER,NY1189906090,5,6,,,,,
1899N0516,dohee101,1899,NY1,P,,ER,NY1189906100,4,5,,,,,
1899N0517,carrb102,1899,NY1,P,,ER,NY1189907041,3,2,,,,,
1899N0518,meekj101,1899,NY1,P,,ER,NY1189907050,4,2,,,,,
1899N0519,tannj101,1899,PIT,P,,ER,NY1189907110,4,3,,,,,
1899N0520,colct101,1899,NY1,P,,ER,NY1189907160,2,1,,,,,
1899N0521,mcbrp101,1899,SLN,P,,ER,NY1189907160,0,2,,,,,
1899N0522,taylj101,1899,CHN,P,,ER,NY1189907190,3,2,,,,,
1899N0523,batef101,1899,CL4,P,,ER,NY1189908121,10,8,,,,,
1899N0524,phild101,1899,LS3,P,,ER,NY1189908130,5,6,,,,,
1899N0525,seymc101,1899,NY1,P,,ER,NY1189908130,2,3,,,,,
1899N0526,gettc101,1899,NY1,P,,ER,NY1189908140,4,3,,,,,
1899N0527,dohee101,1899,NY1,P,,ER,NY1189908150,1,2,,,,,
1899N0528,dowlp101,1899,LS3,P,,ER,NY1189908150,3,1,,,,,
1899N0529,hawlp101,1899,CIN,P,,ER,NY1189908171,4,6,,,,,
1899N0530,gettc101,1899,NY1,P,,ER,NY1189908172,2,3,,,,,
1899N0531,dohee101,1899,NY1,P,,ER,NY1189908190,2,1,,,,,
1899N0532,donar101,1899,PHI,P,,ER,NY1189908211,5,3,,,,,
1899N0533,bernb101,1899,PHI,P,,ER,NY1189908220,2,1,,,,,
1899N0534,gettc101,1899,NY1,P,,ER,NY1189908220,7,4,,,,,
1899N0535,hughj105,1899,BRO,P,,ER,NY1189909042,3,2,,,,,
1899N0536,carrb102,1899,NY1,P,,ER,NY1189909080,4,3,,,,,
1899N0537,howeh101,1899,BLN,P,,ER,NY1189909080,4,6,,,,,
1899N0538,seymc101,1899,NY1,P,,ER,NY1189909091,1,0,,,,,
1899N0539,gettc101,1899,NY1,P,,ER,NY1189909122,3,4,,,,,
1899N0540,grifc101,1899,CHN,P,,ER,NY1189909122,5,6,,,,,
1899N0541,calln101,1899,CHN,P,,ER,NY1189909140,5,4,,,,,
1899N0542,dohee101,1899,NY1,P,,ER,NY1189909150,4,5,,,,,
1899N0543,carrb102,1899,NY1,P,,ER,NY1189909170,13,10,,,,,
1899N0544,meekj101,1899,BSN,P,,ER,NY1189909230,2,3,,,,,
1899N0545,killf101,1899,WSN,P,,ER,PHI189904140,6,4,,,,,
1899N0546,bakek101,1899,WSN,P,,ER,PHI189904170,4,3,,,,,
1899N0547,dinnb101,1899,WSN,P,,ER,PHI189904170,6,5,,,,,
1899N0548,bernb101,1899,PHI,P,,ER,PHI189904240,4,2,,,,,
1899N0549,mcjad101,1899,BRO,P,,ER,PHI189904240,6,4,,,,,
1899N0550,fifij101,1899,PHI,P,,ER,PHI189904260,1,2,,,,,
1899N0551,stahc101,1899,BSN,P,,ER,PHI189904270,1,2,,,,,
1899N0552,nichk101,1899,BSN,P,,ER,PHI189904280,2,4,,,,,
1899N0553,frasc101,1899,PHI,P,,ER,PHI189905060,5,6,,,,,
1899N0554,meekj101,1899,NY1,P,,ER,PHI189905122,4,5,,,,,
1899N0555,piatw101,1899,PHI,P,,ER,PHI189905302,6,5,,,,,
1899N0556,ortha101,1899,PHI,P,,ER,PHI189906030,4,2,,,,,
1899N0557,rhinb101,1899,PIT,P,,ER,PHI189906050,3,7,,,,,
1899N0558,donar101,1899,PHI,P,,ER,PHI189906060,2,3,,,,,
1899N0559,frasc101,1899,PHI,P,,ER,PHI189906090,0,1,,,,,
1899N0560,mcfad101,1899,WSN,P,,ER,PHI189906090,3,2,,,,,
1899N0561,hughj105,1899,BRO,P,,ER,PHI189907042,6,7,,,,,
1899N0562,donar101,1899,PHI,P,,ER,PHI189907050,4,3,,,,,
1899N0563,philb101,1899,CIN,P,,ER,PHI189907140,5,6,,,,,
1899N0564,cunnb103,1899,LS3,P,,ER,PHI189907180,1,2,,,,,
1899N0565,frasc101,1899,PHI,P,,ER,PHI189907180,7,5,,,,,
1899N0566,frasc101,1899,PHI,P,,ER,PHI189908011,4,2,,,,,
1899N0567,mageb101,1899,PHI,P,,ER,PHI189908012,1,2,,,,,
1899N0568,knepc101,1899,CL4,P,,ER,PHI189908020,8,7,,,,,
1899N0569,ortha101,1899,PHI,P,,ER,PHI189908020,2,4,,,,,
1899N0570,kitsf101,1899,BLN,P,,ER,PHI189908070,2,3,,,,,
1899N0571,piatw101,1899,PHI,P,,ER,PHI189908070,1,2,,,,,
1899N0572,leevs101,1899,PIT,P,,ER,PHI189908080,4,1,,,,,
1899N0573,tannj101,1899,PIT,P,,ER,PHI189908080,1,3,,,,,
1899N0574,mageb101,1899,PHI,P,,ER,PHI189908090,6,10,,,,,
1899N0575,ortha101,1899,PHI,P,,ER,PHI189908090,3,2,,,,,
1899N0576,tannj101,1899,PIT,P,,ER,PHI189908090,12,13,,,,,
1899N0577,piatw101,1899,PHI,P,,ER,PHI189908110,5,4,,,,,
1899N0578,taylj101,1899,CHN,P,,ER,PHI189908140,2,5,,,,,
1899N0579,mcbrp101,1899,SLN,P,,ER,PHI189908160,0,1,,,,,
1899N0580,powej105,1899,SLN,P,,ER,PHI189908160,7,6,,,,,
1899N0581,cuppn101,1899,SLN,P,,ER,PHI189908170,5,4,,,,,
1899N0582,fifij101,1899,PHI,P,,ER,PHI189908181,2,0,,,,,
1899N0583,piatw101,1899,PHI,P,,ER,PHI189908181,5,4,,,,,
1899N0584,weyhg101,1899,WSN,P,,ER,PHI189909042,13,11,,,,,
1899N0585,donar101,1899,PHI,P,,ER,PHI189909050,10,9,,,,,
1899N0586,fifij101,1899,WSN,P,,ER,PHI189909050,16,14,,,,,
1899N0587,weyhg101,1899,WSN,P,,ER,PHI189909090,7,8,,,,,
1899N0588,knepc101,1899,CL4,P,,ER,PHI189909121,12,10,,,,,
1899N0589,hughj102,1899,CL4,P,,ER,PHI189909140,8,6,,,,,
1899N0590,piatw101,1899,PHI,P,,ER,PHI189909150,9,10,,,,,
1899N0591,waddr101,1899,LS3,P,,ER,PHI189909150,4,2,,,,,
1899N0592,woodw102,1899,LS3,P,,ER,PHI189909160,1,3,,,,,
1899N0593,ortha101,1899,PHI,P,,ER,PHI189909200,2,1,,,,,
1899N0594,donar101,1899,PHI,P,,ER,PHI189909210,2,3,,,,,
1899N0595,bernb101,1899,PHI,P,,ER,PHI189909221,6,4,,,,,
1899N0596,gettc101,1899,NY1,P,,ER,PHI189909290,2,1,,,,,
1899N0597,carrb102,1899,NY1,P,,ER,PHI189909300,7,6,,,,,
1899N0598,ortha101,1899,PHI,P,,ER,PHI189909300,1,3,,,,,
1899N0599,willv101,1899,BSN,P,,ER,PHI189910070,5,3,,,,,
1899N0600,leevs101,1899,PIT,P,,ER,PIT189905010,6,5,,,,,
1899N0601,jonec107,1899,SLN,P,,ER,PIT189905020,3,2,,,,,
1899N0602,leevs101,1899,PIT,P,,ER,PIT189905050,5,4,,,,,
1899N0603,dowlp101,1899,LS3,P,,ER,PIT189905060,7,5,,,,,
1899N0604,woodw102,1899,LS3,P,,ER,PIT189905060,2,0,,,,,
1899N0605,mageb101,1899,LS3,P,,ER,PIT189905080,4,2,,,,,
1899N0606,hoffb102,1899,PIT,P,,ER,PIT189905100,5,7,,,,,
1899N0607,taylj102,1899,CIN,P,,ER,PIT189905120,0,1,,,,,
1899N0608,hughj102,1899,CL4,P,,ER,PIT189905130,2,1,,,,,
1899N0609,rhinb101,1899,PIT,P,,ER,PIT189905170,1,0,,,,,
1899N0610,leevs101,1899,PIT,P,,ER,PIT189905200,7,6,,,,,
1899N0611,leevs101,1899,PIT,P,,ER,PIT189905240,7,6,,,,,
1899N0612,mcgij101,1899,BLN,P,,ER,PIT189905240,5,4,,,,,
1899N0613,tannj101,1899,PIT,P,,ER,PIT189905301,2,3,,,,,
1899N0614,leevs101,1899,PIT,P,,ER,PIT189905302,2,3,,,,,
1899N0615,gardj101,1899,PIT,P,,ER,PIT189906261,4,3,,,,,
1899N0616,hoffb102,1899,PIT,P,,ER,PIT189906261,4,5,,,,,
1899N0617,lewit101,1899,BSN,P,,ER,PIT189906261,4,3,,,,,
1899N0618,kennb101,1899,BRO,P,,ER,PIT189906300,8,6,,,,,
1899N0619,schmc101,1899,CL4,P,,ER,PIT189907042,3,5,,,,,
1899N0620,hoffb102,1899,PIT,P,,ER,PIT189907060,11,9,,,,,
1899N0621,leevs101,1899,PIT,P,,ER,PIT189907070,1,0,,,,,
1899N0622,piatw101,1899,PHI,P,,ER,PIT189907220,10,3,,,,,
1899N0623,tannj101,1899,PIT,P,,ER,PIT189907220,1,0,,,,,
1899N0624,bernb101,1899,PHI,P,,ER,PIT189907241,4,5,,,,,
1899N0625,bernb101,1899,PHI,P,,ER,PIT189907250,4,3,,,,,
1899N0626,chesj101,1899,PIT,P,,ER,PIT189907250,5,6,,,,,
1899N0627,spart101,1899,PIT,P,,ER,PIT189907250,2,4,,,,,
1899N0628,tannj101,1899,PIT,P,,ER,PIT189907260,0,1,,,,,
1899N0629,weyhg101,1899,WSN,P,,ER,PIT189907282,3,2,,,,,
1899N0630,mcgij101,1899,BLN,P,,ER,PIT189908010,4,5,,,,,
1899N0631,chesj101,1899,PIT,P,,ER,PIT189908071,4,0,,,,,
1899N0632,hughj102,1899,CL4,P,,ER,PIT189908191,8,6,,,,,
1899N0633,meekj101,1899,BSN,P,,ER,PIT189908240,0,1,,,,,
1899N0634,spart101,1899,PIT,P,,ER,PIT189908280,6,4,,,,,
1899N0635,fauvc101,1899,LS3,P,,ER,PIT189909070,4,0,,,,,
1899N0636,tannj101,1899,PIT,P,,ER,PIT189909070,2,0,,,,,
1899N0637,flahp101,1899,LS3,P,,ER,PIT189909091,0,1,,,,,
1899N0638,spart101,1899,PIT,P,,ER,PIT189909091,4,2,,,,,
1899N0639,tannj101,1899,PIT,P,,ER,PIT189909232,1,2,,,,,
1899N0640,frise101,1899,CIN,P,,ER,PIT189909280,5,3,,,,,
1899N0641,harpj102,1899,CL4,P,,ER,PIT189910070,10,5,,,,,
1899N0642,grayc101,1899,PIT,P,,ER,PIT189910140,4,0,,,,,
1899N0643,wilsz101,1899,SLN,P,,ER,SLN189904260,6,4,,,,,
1899N0644,weyhg101,1899,WSN,P,,ER,SLN189906190,5,6,,,,,
1899N0645,powej105,1899,SLN,P,,ER,SLN189906230,8,7,,,,,
1899N0646,donar101,1899,PHI,P,,ER,SLN189906240,0,1,,,,,
1899N0647,younc102,1899,SLN,P,,ER,SLN189906240,2,3,,,,,
1899N0648,mcbrp101,1899,SLN,P,,ER,SLN189907020,6,7,,,,,
1899N0649,schmc101,1899,CL4,P,,ER,SLN189907092,9,10,,,,,
1899N0650,mcbrp101,1899,SLN,P,,ER,SLN189907290,4,2,,,,,
1899N0651,nichk101,1899,BSN,P,,ER,SLN189908010,6,8,,,,,
1899N0652,sudhw101,1899,SLN,P,,ER,SLN189908010,7,6,,,,,
1899N0653,powej105,1899,SLN,P,,ER,SLN189908231,6,3,,,,,
1899N0654,mcbrp101,1899,SLN,P,,ER,SLN189908232,6,4,,,,,
1899N0655,taylj101,1899,CHN,P,,ER,SLN189908232,3,4,,,,,
1899N0656,ortha101,1899,PHI,P,,ER,SLN189908260,0,1,,,,,
1899N0657,powej105,1899,SLN,P,,ER,SLN189908260,4,3,,,,,
1899N0658,powej105,1899,SLN,P,,ER,SLN189908272,7,6,,,,,
1899N0659,sudhw101,1899,SLN,P,,ER,SLN189908272,3,4,,,,,
1899N0660,mcbrp101,1899,SLN,P,,ER,SLN189908280,6,4,,,,,
1899N0661,weyhg101,1899,WSN,P,,ER,SLN189908280,9,12,,,,,
1899N0662,younc102,1899,SLN,P,,ER,SLN189908280,0,2,,,,,
1899N0663,dinnb101,1899,WSN,P,,ER,SLN189908290,4,5,,,,,
1899N0664,donlm101,1899,SLN,P,,ER,SLN189908290,8,10,,,,,
1899N0665,younc102,1899,SLN,P,,ER,SLN189908310,1,2,,,,,
1899N0666,nopsj101,1899,BLN,P,,ER,SLN189909010,2,3,,,,,
1899N0667,mcbrp101,1899,SLN,P,,ER,SLN189909041,3,0,,,,,
1899N0668,younc102,1899,SLN,P,,ER,SLN189909041,6,5,,,,,
1899N0669,powej105,1899,SLN,P,,ER,SLN189909042,0,1,,,,,
1899N0670,cunnb103,1899,LS3,P,,ER,SLN189909050,2,3,,,,,
1899N0671,hahnn101,1899,CIN,P,,ER,SLN189909070,1,2,,,,,
1899N0672,powej105,1899,SLN,P,,ER,SLN189909070,3,2,,,,,
1899N0673,philb101,1899,CIN,P,,ER,SLN189909090,6,5,,,,,
1899N0674,powej105,1899,SLN,P,,ER,SLN189909241,3,4,,,,,
1899N0675,knepc101,1899,CL4,P,,ER,SLN189909260,13,9,,,,,
1899N0676,flahp101,1899,LS3,P,,ER,SLN189909270,2,3,,,,,
1899N0677,hughj102,1899,CL4,P,,ER,SLN189909300,8,6,,,,,
1899N0678,harpj102,1899,CL4,P,,ER,SLN189910010,3,2,,,,,
1899N0679,sudhw101,1899,SLN,P,,ER,SLN189910010,2,3,,,,,
1899N0680,grayc101,1899,PIT,P,,ER,SLN189910020,5,6,,,,,
1899N0681,leevs101,1899,PIT,P,,ER,SLN189910030,2,1,,,,,
1899N0682,powej105,1899,SLN,P,,ER,SLN189910030,6,4,,,,,
1899N0683,cuppn101,1899,SLN,P,,ER,SLN189910040,4,3,,,,,
1899N0684,thomt102,1899,SLN,P,,ER,SLN189910040,1,2,,,,,
1899N0685,hawlp101,1899,CIN,P,,ER,SLN189910081,5,6,,,,,
1899N0686,thomt102,1899,SLN,P,,ER,SLN189910092,2,0,,,,,
1899N0687,killf101,1899,WSN,P,,ER,WSN189904190,5,4,,,,,
1899N0688,dunkd101,1899,WSN,P,,ER,WSN189904240,8,9,,,,,
1899N0689,bakek101,1899,WSN,P,,ER,WSN189904250,3,2,,,,,
1899N0690,dinnb101,1899,WSN,P,,ER,WSN189904250,3,2,,,,,
1899N0691,mcfad101,1899,WSN,P,,ER,WSN189904270,1,4,,,,,
1899N0692,carrb102,1899,NY1,P,,ER,WSN189904280,8,11,,,,,
1899N0693,colct101,1899,NY1,P,,ER,WSN189904280,2,1,,,,,
1899N0694,sechd101,1899,NY1,P,,ER,WSN189904280,2,0,,,,,
1899N0695,weyhg101,1899,WSN,P,,ER,WSN189904280,4,7,,,,,
1899N0696,dinnb101,1899,WSN,P,,ER,WSN189904290,2,3,,,,,
1899N0697,kennb101,1899,BRO,P,,ER,WSN189904290,4,5,,,,,
1899N0698,dinnb101,1899,WSN,P,,ER,WSN189905160,5,4,,,,,
1899N0699,hoffb102,1899,PIT,P,,ER,WSN189905192,3,4,,,,,
1899N0700,weyhg101,1899,WSN,P,,ER,WSN189905192,1,0,,,,,
1899N0701,gardj101,1899,PIT,P,,ER,WSN189906010,6,4,,,,,
1899N0702,mercw101,1899,WSN,P,,ER,WSN189906010,1,0,,,,,
1899N0703,powej105,1899,SLN,P,,ER,WSN189906030,11,6,,,,,
1899N0704,cuppn101,1899,SLN,P,,ER,WSN189906050,10,9,,,,,
1899N0705,calln101,1899,CHN,P,,ER,WSN189906070,8,6,,,,,
1899N0706,weyhg101,1899,WSN,P,,ER,WSN189906131,6,5,,,,,
1899N0707,hickc101,1899,BSN,P,,ER,WSN189907030,4,3,,,,,
1899N0708,killf101,1899,BSN,P,,ER,WSN189907030,8,6,,,,,
1899N0709,mercw101,1899,WSN,P,,ER,WSN189907030,0,1,,,,,
1899N0710,mcgij101,1899,BLN,P,,ER,WSN189907070,2,3,,,,,
1899N0711,weyhg101,1899,WSN,P,,ER,WSN189907110,5,6,,,,,
1899N0712,dinnb101,1899,WSN,P,,ER,WSN189907120,2,1,,,,,
1899N0713,taylj102,1899,CIN,P,,ER,WSN189907120,8,2,,,,,
1899N0714,mercw101,1899,WSN,P,,ER,WSN189907140,6,7,,,,,
1899N0715,phild101,1899,LS3,P,,ER,WSN189907140,0,1,,,,,
1899N0716,knepc101,1899,CL4,P,,ER,WSN189907181,3,4,,,,,
1899N0717,batef101,1899,CL4,P,,ER,WSN189907182,3,2,,,,,
1899N0718,mercw101,1899,WSN,P,,ER,WSN189907182,2,3,,,,,
1899N0719,mcfad101,1899,WSN,P,,ER,WSN189907191,3,2,,,,,
1899N0720,mercw101,1899,WSN,P,,ER,WSN189907211,5,4,,,,,
1899N0721,dinnb101,1899,WSN,P,,ER,WSN189907212,3,2,,,,,
1899N0722,garvn101,1899,CHN,P,,ER,WSN189908100,2,4,,,,,
1899N0723,cuppn101,1899,SLN,P,,ER,WSN189908120,3,1,,,,,
1899N0724,leevs101,1899,PIT,P,,ER,WSN189908160,4,3,,,,,
1899N0725,mcfad101,1899,WSN,P,,ER,WSN189908160,3,6,,,,,
1899N0726,carsk102,1899,WSN,P,,ER,WSN189908170,4,5,,,,,
1899N0727,mcfad101,1899,WSN,P,,ER,WSN189909080,2,4,,,,,
1899N0728,hahnn101,1899,CIN,P,,ER,WSN189909110,1,2,,,,,
1899N0729,peith101,1899,CIN,P,,ER,WSN189909121,2,3,,,,,
1899N0730,taylj102,1899,CIN,P,,ER,WSN189909121,4,3,,,,,
1899N0731,frise101,1899,CIN,P,,ER,WSN189909132,3,4,,,,,
1899N0732,hahnn101,1899,CIN,P,,ER,WSN189909140,6,7,,,,,
1899N0733,weyhg101,1899,WSN,P,,ER,WSN189909140,2,1,,,,,
1899N0734,collh101,1899,CL4,P,,ER,WSN189909150,3,2,,,,,
1899N0735,knepc101,1899,CL4,P,,ER,WSN189909160,13,14,,,,,
1899N0736,mageb101,1899,WSN,P,,ER,WSN189909181,2,4,,,,,
1899N0737,evanr102,1899,WSN,P,,ER,WSN189909211,4,3,,,,,
1899N0738,phild101,1899,LS3,P,,ER,WSN189909211,1,3,,,,,
1899N0739,weyhg101,1899,WSN,P,,ER,WSN189909220,9,6,,,,,
1899N0740,evanr102,1899,WSN,P,,ER,WSN189910031,10,11,,,,,
1899N0741,mcfad101,1899,WSN,P,,ER,WSN189910092,1,3,,,,,
1899N0742,mageb101,1899,WSN,P,,ER,WSN189910130,1,3,,,,,
1899N0743,seymc101,1899,NY1,P,,ER,WSN189910130,5,3,,,,,
1899N0744,mcfad101,1899,WSN,P,,ER,WSN189910140,3,7,,,,,
1899N0745,lachc101,1899,BLN,O,,3B,BLN189904170,0,1,,,,,
1899N0746,heide101,1899,SLN,O,,SB,BLN189905301,1,0,,,,,
1899N0747,mcgrj101,1899,BLN,O,,SB,BLN189905301,0,1,,,,,
1899N0748,robiw101,1899,BLN,O,,2B,BLN189905301,1,0,,,,,
1899N0749,heide101,1899,SLN,O,,SB,BLN189905302,0,1,,,,,
1899N0750,mcgrj101,1899,BLN,O,,SB,BLN189905302,1,0,,,,,
1899N0751,robiw101,1899,BLN,O,,2B,BLN189905302,0,1,,,,,
1899N0752,nicha101,1899,CHN,O,,SB,BLN189906050,0,1,,,,,
1899N0753,wolvh101,1899,CHN,O,,SB,BLN189908182,0,1,,,,,
1899N0754,holmd101,1899,BLN,O,,SB,BRO189904280,2,3,,,,,
1899N0755,mcgrj101,1899,BLN,O,,SB,BRO189904280,3,2,,,,,
1899N0756,chilp101,1899,PHI,O,,3B,BRO189905170,1,0,,,,,
1899N0757,mcgad102,1899,BRO,O,,3B,BRO189906090,1,0,,,,,
1899N0758,andej101,1899,BRO,O,,3B,BRO189907070,1,0,,,,,
1899N0759,keelw101,1899,BRO,O,,SB,BRO189907200,1,0,,,,,
1899N0760,kellj106,1899,BRO,O,,SB,BRO189907200,0,1,,,,,
1899N0761,schrp101,1899,PIT,O,,SB,BRO189907200,1,0,,,,,
1899N0762,andej101,1899,BRO,O,,HR,BRO189908070,1,0,,,,,
1899N0763,meekj101,1899,NY1,P,,HR,BRO189908070,1,0,,,,,
1899N0764,andej101,1899,BRO,O,,RBI,BRO189908070,2,1,,,,,
1899N0765,corct101,1899,CIN,O,,2B,BRO189908080,1,0,,,,,
1899N0766,selbk101,1899,CIN,O,,2B,BRO189908080,1,0,,,,,
1899N0767,merts101,1899,CHN,O,,3B,BRO189909190,1,0,,,,,
1899N0768,davig102,1899,NY1,O,,SB,BRO189910070,0,1,,,,,
1899N0769,hughj105,1899,BRO,O,,3B,BRO189910120,1,0,,,,,
1899N0770,jennh101,1899,BRO,O,,3B,BRO189910120,0,1,,,,,
1899N0771,lewit101,1899,BSN,P,,ER,BSN189905050,7,8,,,,,
1899N0772,harld101,1899,CL4,O,,SB,BSN189906010,1,0,,,,,
1899N0773,dextc101,1899,LS3,O,,SB,BSN189906060,0,1,,,,,
1899N0774,hamib101,1899,BSN,O,,SB,BSN189908162,1,0,,,,,
1899N0775,beaug101,1899,PIT,O,,SB,BSN189909190,1,0,,,,,
1899N0776,longh101,1899,BSN,O,,SB,BSN189909292,1,0,,,,,
1899N0777,longh101,1899,BSN,O,,SB,BSN189910050,1,0,,,,,
1899N0778,mcfae101,1899,PHI,O,,3B,BSN189910120,0,1,,,,,
1899N0779,mcfae101,1899,PHI,O,,HR,BSN189910120,1,0,,,,,
1899N0780,bailh102,1899,BSN,P,,HR,BSN189910120,2,1,,,,,
1899N0781,donat101,1899,CHN,O,,SB,CHN189906190,1,0,,,,,
1899N0782,everb101,1899,CHN,O,,SB,CHN189906290,2,1,,,,,
1899N0783,merts101,1899,CHN,O,,SB,CHN189906290,1,0,,,,,
1899N0784,greed103,1899,CHN,O,,SB,CHN189908201,0,1,,,,,
1899N0785,merts101,1899,CHN,O,,2B,CHN189909041,1,0,,,,,
1899N0786,merts101,1899,CHN,O,,3B,CHN189909271,1,0,,,,,
1899N0787,willj106,1899,PIT,O,,3B,CIN189904170,1,0,,,,,
1899N0788,dammb101,1899,CIN,P,,HR,CIN189904170,0,1,1899N0789,SWAP,,,
1899N0789,philb101,1899,CIN,P,,HR,CIN189904170,1,0,1899N0789,SWAP,,,
1899N0790,tebep101,1899,SLN,O,,2B,CIN189905060,0,1,,,,,
1899N0791,hahnn101,1899,CIN,O,,AB,CIN189907300,2,3,,,,,
1899N0792,hahnn101,1899,CIN,O,,SB,CIN189907300,0,1,,,,,
1899N0793,mcphb101,1899,CIN,O,,SB,CIN189909101,0,1,,,,,
1899N0794,wagnh101,1899,LS3,O,,SB,CL4189905011,1,0,,,,,
1899N0795,everb101,1899,CHN,O,,2B,CL4189905050,0,1,,,,,
1899N0796,vanhg101,1899,NY1,O,,SB,CL4189906230,1,0,,,,,
1899N0797,wagnh101,1899,LS3,O,,HR,LS3189909242,1,0,,OPP,,,
1899N0798,wagnh101,1899,LS3,O,,SB,LS3189909242,1,2,,,,,
1899N0799,hoy-d101,1899,LS3,O,,SB,LS3189904200,0,1,,,,,
1899N0800,dowdt101,1899,CL4,O,,3B,LS3189904221,1,0,,,,,
1899N0801,hughj102,1899,CL4,P,,IP,BRO189906020,1.2,2,,,,Winning run scored with two out in 9th,
1899N0802,kitsf101,1899,BLN,P,,IP,BSN189905130,8.2,9,,,,Winning run scored with two out in 9th,
1899N0803,willv101,1899,BSN,P,,R,CIN189907261,5,4,,,,,
1899N0804,corct101,1899,CIN,O,,R,CIN189907261,2,1,,,,,
1899N0806,bakek101,1899,WSN,P,,IP,PHI189906090,3.1,3.2,,,,Game called with one out in 5th,
1899N0807,mercw101,1899,WSN,P,,IP,WSN189906160,8.2,9,,,,Winning run scored with two out in 9th,
1899N0808,thomr101,1899,PHI,O,,SB,NY1189905020,1,0,,,,,
1899N0809,davig102,1899,NY1,O,,H,NY1189905050,1,2,,,,,
1899N0810,davig102,1899,NY1,O,,2B,NY1189905050,0,1,,,,,
1899N0811,peith101,1899,CIN,O,,SB,NY1189905310,0,1,,,,,
1899N0812,mageb101,1899,LS3,P,,HR,NY1189906040,1,0,1899N0813,SWAP,,,
1899N0813,phild101,1899,LS3,P,,HR,NY1189906040,0,1,1899N0812,SWAP,,,
1899N0814,warnj103,1899,NY1,O,,SB,NY1189908122,0,1,,,,,
1899N0815,fostp101,1899,NY1,O,,3B,NY1189908140,1,0,,,,,
1899N0816,vanhg101,1899,NY1,O,,SB,NY1189908212,1,0,,,,,
1899N0817,flemt101,1899,NY1,O,,2B,NY1189909230,1,0,,,,,
1899N0818,flemt101,1899,NY1,O,,3B,NY1189909230,0,1,,,,,
1899N0819,dalyt101,1899,BRO,O,,2B,PHI189904200,0,1,,,,,
1899N0820,delae101,1899,PHI,O,,2B,PHI189904210,1,0,,,,,
1899N0821,dunnj102,1899,BRO,O,,2B,PHI189904210,1,0,,,,,
1899N0822,donat101,1899,CHN,O,,SB,PHI189906010,0,1,,,,,
1899N0823,crosm101,1899,PHI,O,,SB,PHI189907170,0,1,,,,,
1899N0824,kellm103,1899,LS3,O,,SB,PHI189909180,1,2,,,,,
1899N0825,doylj103,1899,NY1,O,,2B,PHI189909280,1,0,1899N0826,SWAP,,,
1899N0826,obrit101,1899,NY1,O,,2B,PHI189909280,0,1,1899N0825,SWAP,,,
1899N0827,dolaj101,1899,PHI,O,,SB,PHI189909300,1,0,,,,,
1899N0828,mccaj105,1899,PIT,O,,2B,PIT189905080,0,1,1899N0829,SWAP,,,
1899N0829,mccrt101,1899,PIT,O,,2B,PIT189905080,1,0,1899N0828,SWAP,,,
1899N0830,beaug101,1899,PIT,O,,SB,PIT189905150,0,1,,,,,
1899N0831,stahc101,1899,BSN,O,,SB,PIT189906261,1,0,,,,,
1899N0832,collj103,1899,BSN,O,,SB,PIT189906261,1,0,,,,,
1899N0833,duffh101,1899,BSN,O,,SB,PIT189906261,1,0,,,,,
1899N0834,leevs101,1899,PIT,P,,HR,PIT189907050,1,0,1899N0835,SWAP,,,
1899N0835,rosez101,1899,PIT,P,,HR,PIT189907050,0,1,1899N0834,SWAP,,,
1899N0836,flice101,1899,PHI,O,,3B,PIT189907250,1,0,,,,,
1899N0837,keelw101,1899,BRO,O,,3B,SLN189905250,1,0,1899N0838,SWAP,,,
1899N0838,mcgad102,1899,BRO,O,,3B,SLN189905250,0,1,1899N0837,SWAP,,,
1899N0839,younc102,1899,SLN,P,,ER,SLN189905270,4,3,,,,,
1899N0840,chilc101,1899,SLN,O,,SB,SLN189905270,0,1,,,,,
1899N0841,stenj101,1899,SLN,O,,SB,SLN189905270,0,2,,,,,
1899N0842,cassp101,1899,WSN,O,,SB,SLN189906190,0,1,1899N0843,SWAP,,Mercer PR for Cassidy,
1899N0843,mercw101,1899,WSN,O,,SB,SLN189906190,1,0,1899N0842,SWAP,,Mercer PR for Cassidy,
1899N0844,mckee101,1899,SLN,O,,SB,SLN189906210,1,2,,,,,
1899N0845,bernb101,1899,PHI,P,,HR,SLN189906270,0,1,1899N0846,SWAP,,,
1899N0846,piatw101,1899,PHI,P,,HR,SLN189906270,2,1,1899N0845,SWAP,,,
1899N0847,donlm101,1899,SLN,O,,SB,SLN189907280,0,1,,,,,
1899N0848,wallb101,1899,SLN,O,,SB,SLN189907280,0,1,,,,,
1899N0849,heide101,1899,SLN,O,,SB,SLN189908240,1,3,,,,,
1899N0850,mcbrp101,1899,SLN,P,,HR,SLN189909041,0,1,1899N0851,SWAP,,,
1899N0851,younc102,1899,SLN,P,,HR,SLN189909041,2,1,1899N0850,SWAP,,,
1899N0852,breit101,1899,CIN,P,,HR,SLN189909090,1,0,1899N0853,SWAP,,,
1899N0853,philb101,1899,CIN,P,,HR,SLN189909090,0,1,1899N0852,SWAP,,,
1899N0854,wagnh101,1899,LS3,O,,2B,SLN189909241,0,1,,,,,
1899N0855,wagnh101,1899,LS3,O,,HR,SLN189909241,0,1,,,,,
1899N0856,wagnh101,1899,LS3,O,,SB,SLN189909241,2,0,,,,,
1899N0857,grayc101,1899,PIT,P,,HR,SLN189910050,0,1,1899N0858,SWAP,,,
1899N0858,leevs101,1899,PIT,P,,HR,SLN189910050,1,0,1899N0857,SWAP,,,
1899N0859,clarf101,1899,LS3,O,,3B,WSN189909202,1,0,,,,,
1899N0860,freeb102,1899,WSN,O,,3B,WSN189909202,1,0,,,,,
1899N0861,ritcc101,1899,LS3,O,,3B,WSN189909202,1,0,,,,,
1899N0862,clarf101,1899,LS3,O,,3B,WSN189909212,1,0,,,,,
1899N0863,mcgad102,1899,WSN,O,,SB,WSN189910032,0,1,,,,,
1899N0864,gettj101,1899,WSN,O,,SB,NY1189905060,0,1,,,,,
1899N0865,bakek101,1899,WSN,P,,ER,PHI189906090,4,3,,,,,
1899N0866,mcfad101,1899,WSN,P,,R,PHI189906090,3,2,,,,,
1899N0867,calln101,1899,CHN,O,,SB,PHI189908150,0,1,,,,,
1899N0868,kellj106,1899,BRO,O,,SB,BRO189910070,0,1,,,,,
1899N0869,bradb102,1899,CHN,O,,3B,CHN189909271,1,0,,,,,
1899N0870,thomr101,1899,PHI,O,,SB,PHI189905122,1,2,,,,,
1899N0872,shecj101,1899,BLN,O,,AB,BLN189905040,4,5,,,,,
1899N0874,obrij104,1899,BLN,O,,AB,BLN189906070,4,3,,,,,
1899N0875,smita105,1899,BLN,O,,AB,BLN189908221,4,5,,,,,
1899N0876,dolaj101,1899,PHI,O,,BB,BLN189909271,2,1,,PAA,,,
1899N0877,frasc101,1899,PHI,O,,BB,BLN189909271,1,0,,PAA,,,
1899N0878,mcfae101,1899,PHI,O,,BB,BLN189909271,0,2,,PAA,,,
1899N0879,andej101,1899,BRO,O,,BB,BRO189904150,0,1,1899N0880,SWAP,,,
1899N0880,dahlb102,1899,BRO,O,,BB,BRO189904150,1,0,1899N0879,SWAP,,,
1899N0881,keelw101,1899,BRO,O,,BB,BRO189904260,1,0,,,,,
1899N0882,kennb101,1899,BRO,O,,BB,BRO189904260,1,0,,,,,
1899N0883,nopsj101,1899,BLN,P,,BB,BRO189904260,5,3,,,,,
1899N0884,andej101,1899,BRO,O,,H,BRO189904280,2,0,,,,,
1899N0885,dahlb102,1899,BRO,O,,H,BRO189904280,0,2,,,,,
1899N0886,kellj106,1899,BRO,O,,H,BRO189904280,2,0,,,,,
1899N0887,farrd102,1899,BRO,O,,H,BRO189904280,0,2,,,,,
1899N0888,mcgrj101,1899,BLN,O,,BB,BRO189904280,2,3,,,,,
1899N0889,millr103,1899,BLN,O,,BB,BRO189904280,1,2,,,,,
1899N0890,gastw101,1899,BRO,P,,BB,BRO189904280,2,4,,,,,
1899N0891,mcjad101,1899,BRO,P,,SO,BRO189904280,5,4,,,,,
1899N0892,gettj101,1899,WSN,O,,BB,BRO189905100,0,1,,OPP,,,
1899N0893,gettj101,1899,WSN,O,,BB,BRO189905120,1,0,,OPP,,,
1899N0894,mcfad101,1899,WSN,O,,BB,BRO189905131,0,1,,OPP,,,
1899N0896,andej101,1899,BRO,O,,BB,BRO189905160,1,0,,,,,
1899N0897,kellj106,1899,BRO,O,,AB,BRO189905160,3,4,,,,,
1899N0899,frasc101,1899,PHI,P,,BB,BRO189905160,3,2,,,,,
1899N0900,dalyt101,1899,BRO,O,,AB,BRO189906020,4,5,,,,,
1899N0901,dahlb102,1899,BRO,O,,AB,BRO189906070,5,4,1899N0903,SWAP,,,
1899N0902,dahlb102,1899,BRO,O,,H,BRO189906070,2,1,1899N0904,SWAP,,,
1899N0903,jonef102,1899,BRO,O,,AB,BRO189906070,4,5,1899N0901,SWAP,,,
1899N0904,jonef102,1899,BRO,O,,H,BRO189906070,2,3,1899N0902,SWAP,,,
1899N0905,batef101,1899,CL4,O,,AB,BRO189908180,2,3,,,,,
1899N0906,cased101,1899,BRO,O,,AB,BRO189908180,4,3,,,,,
1899N0907,beaug101,1899,PIT,O,,AB,BRO189909141,4,5,,PAA,,,
1899N0908,schro101,1899,SLN,O,,AB,BRO189909200,3,4,,PAA,,,
1899N0909,brods101,1899,BLN,O,,AB,BRO189910120,2,3,,,,,
1899N0910,andej101,1899,BRO,O,,AB,BSN189905060,5,4,,,,ICI box seems to be missing top of 10th,
1899N0911,farrd102,1899,BRO,O,,AB,BSN189905060,5,4,,,,ICI box seems to be missing top of 10th,
1899N0912,kennb101,1899,BRO,O,,AB,BSN189905060,5,4,,,,ICI box seems to be missing top of 10th,
1899N0913,dalyt101,1899,BRO,O,,AB,BSN189905060,4,3,,,,ICI box seems to be missing top of 10th,
1899N0914,mcgad102,1899,BRO,O,,AB,BSN189905060,4,3,,,,ICI box seems to be missing top of 10th,
1899N0915,keisb101,1899,BLN,O,,AB,BSN189905120,4,5,,,,,
1899N0916,collj103,1899,BSN,O,,R,BSN189905302,1,0,,,,,
1899N0917,duffh101,1899,BSN,O,,RBI,BSN189905302,2,1,,,,,
1899N0918,sudhw101,1899,CL4,P,,R,BSN189905302,3,2,,,,,
1899N0919,carsk102,1899,CL4,O,,BB,BSN189905310,1,0,,,,,
1899N0920,dowdt101,1899,CL4,O,,BB,BSN189905310,0,3,,,,,
1899N0921,hughj102,1899,CL4,O,,BB,BSN189905310,1,0,,,,,
1899N0922,mcals101,1899,CL4,O,,BB,BSN189905310,1,0,,,,,
1899N0923,frisc101,1899,BSN,O,,AB,BSN189907130,5,4,,,,,
1899N0924,burkj101,1899,SLN,O,,AB,BSN189907200,4,3,,,,,
1899N0925,hoy-d101,1899,LS3,O,,BB,BSN189908171,1,0,,,,,
1899N0926,leact101,1899,LS3,O,,BB,BSN189908171,2,0,,,,,
1899N0927,loweb101,1899,BSN,O,,BB,BSN189908171,1,0,,,,,
1899N0928,wagnh101,1899,LS3,O,,BB,BSN189908171,1,0,,,,,
1899N0929,zimmc101,1899,LS3,O,,BB,BSN189908171,1,0,,,,,
1899N0930,cunnb103,1899,LS3,P,,BB,BSN189908171,5,4,,,,,
1899N0931,nichk101,1899,BSN,P,,BB,BSN189908171,5,0,,,,,
1899N0932,frisc101,1899,BSN,O,,AB,BSN189909182,3,4,,,,,
1899N0933,mcgad102,1899,WSN,O,,AB,BSN189909300,3,4,,,,,
1899N0934,flemt101,1899,NY1,O,,AB,BSN189910022,3,2,,,,,
1899N0935,flemt101,1899,NY1,O,,BB,BSN189910022,0,1,,,,,
1899N0936,warnj103,1899,NY1,O,,AB,BSN189910022,2,3,,,,,
1899N0937,woodp103,1899,NY1,O,,BB,BSN189910022,0,1,,,,,
1899N0938,bailh102,1899,BSN,P,,BB,BSN189910022,1,3,,,,,
1899N0939,stahc101,1899,BSN,O,,AB,BSN189910040,3,4,,,,,
1899N0940,davig102,1899,NY1,O,,BB,BSN189910050,1,0,,,,,
1899N0941,duffh101,1899,BSN,O,,BB,BSN189910050,1,2,,,,,
1899N0942,obrit101,1899,NY1,O,,BB,BSN189910050,1,0,,,,,
1899N0943,seymc101,1899,NY1,O,,BB,BSN189910050,1,0,,,,,
1899N0944,vanhg101,1899,NY1,O,,BB,BSN189910050,1,0,,,,,
1899N0945,warnj103,1899,NY1,O,,BB,BSN189910050,1,0,,,,,
1899N0946,warnj103,1899,NY1,O,,AB,BSN189910050,3,4,,,,,
1899N0947,meekj101,1899,BSN,P,,BB,BSN189910050,5,0,,,,,
1899N0948,seymc101,1899,NY1,P,,BB,BSN189910050,8,9,,,,,
1899N0949,piatw101,1899,PHI,O,,BB,BSN189910130,0,1,,OPP,,,
1899N0950,flice101,1899,PHI,O,,AB,BSN189910140,4,3,,,,,
1899N0951,lochh101,1899,CL4,O,,AB,CHN189905080,4,3,,,,,
1899N0952,merts101,1899,CHN,O,,AB,CHN189905080,1,0,,,,,
1899N0953,merts101,1899,CHN,O,,AB,CHN189906100,4,3,,,,,
1899N0954,connj106,1899,CHN,O,,AB,CHN189906170,4,5,,,,,
1899N0955,donat101,1899,CHN,O,,BB,CHN189906170,0,1,,OPP,,,
1899N0956,loweb101,1899,BSN,O,,AB,CHN189906190,4,3,,,,,
1899N0957,demog101,1899,CHN,O,,AB,CHN189906290,4,3,,,,,
1899N0958,merts101,1899,CHN,O,,AB,CHN189906290,3,2,,,,,
1899N0959,mccob104,1899,CHN,O,,AB,CHN189907240,3,4,,PAA,,,
1899N0960,thomr101,1899,PHI,O,,AB,CHN189907270,3,4,,,,,
1899N0961,donat101,1899,CHN,O,,AB,CHN189908282,4,3,,,,,
1899N0962,irwic101,1899,CIN,O,,AB,CHN189910010,4,3,,,,,
1899N0963,magog101,1899,CHN,O,,AB,CHN189910020,2,3,,PAA,,,
1899N0964,magog101,1899,CHN,O,,AB,CHN189910081,4,5,,PAA,,,
1899N0965,ritcc101,1899,LS3,O,,BB,CHN189910152,1,0,,OPP,,,
1899N0966,beckj103,1899,CIN,O,,BB,CIN189904190,1,2,,,,,
1899N0967,corct101,1899,CIN,O,,BB,CIN189904190,0,1,,,,,
1899N0968,mcbra101,1899,CIN,O,,BB,CIN189904190,0,1,,,,,
1899N0969,mcphb101,1899,CIN,O,,BB,CIN189904190,1,0,,,,,
1899N0970,milld105,1899,CIN,O,,BB,CIN189904190,1,0,,,,,
1899N0971,steih101,1899,CIN,O,,BB,CIN189904190,1,0,,,,,
1899N0972,peith101,1899,CIN,O,,BB,CIN189904220,0,1,1899N0973,SWAP,,,
1899N0973,selbk101,1899,CIN,O,,BB,CIN189904220,1,0,1899N0972,SWAP,,,
1899N0974,farrd102,1899,BRO,O,,AB,CIN189905190,4,3,,,,,
1899N0975,hartf101,1899,NY1,O,,AB,CIN189905240,2,3,,,,,
1899N0976,mcphb101,1899,CIN,O,,RBI,CIN189905240,0,1,,,,,
1899N0977,hawlp101,1899,CIN,P,,BB,CIN189905240,2,3,1899N0979,SWAP,,,
1899N0978,hawlp101,1899,CIN,P,,SO,CIN189905240,1,0,1899N0980,SWAP,,,
1899N0979,philb101,1899,CIN,P,,BB,CIN189905240,1,0,1899N0979,SWAP,,,
1899N0980,philb101,1899,CIN,P,,SO,CIN189905240,0,1,1899N0980,SWAP,,,
1899N0981,taylj102,1899,CIN,O,,AB,CIN189905280,0,1,,,,,
1899N0982,lajon101,1899,PHI,O,,BB,CIN189906220,1,0,,,,,
1899N0984,steih101,1899,CIN,O,,AB,CIN189906251,3,4,,PAA,,,
1899N0985,gradm101,1899,NY1,O,,AB,CIN189907270,4,3,,,,,
1899N0986,steih101,1899,CIN,O,,RBI,CIN189907270,2,0,,,,,
1899N0987,dowlp101,1899,LS3,O,,AB,CL4189905012,3,4,,,,,
1899N0988,sugdj101,1899,CL4,O,,AB,CL4189905040,2,3,,PAA,,,
1899N0989,harld101,1899,CL4,O,,AB,CL4189905230,0,1,,,,,
1899N0990,hughj102,1899,CL4,P,,IP,CL4189905250,9,8.2,,,,,
1899N0991,robiw101,1899,BLN,O,,BB,CL4189905260,0,1,,OPP,,,
1899N0992,donop101,1899,PIT,O,,AB,CL4189906130,4,5,,,,,
1899N0993,carrb102,1899,NY1,O,,AB,CL4189906270,4,3,,,,,
1899N0994,obrit101,1899,NY1,O,,BB,CL4189906270,0,1,,,,,
1899N0995,warnj103,1899,NY1,O,,AB,CL4189906270,3,4,,,,,
1899N0996,warnj103,1899,NY1,O,,BB,CL4189906270,1,0,,,,,
1899N0997,grimj101,1899,BRO,O,,AB,CL4189906210,5,4,,,,,
1899N0998,cased101,1899,BRO,O,,AB,CL4189906220,5,4,,,,,
1899N0999,dowdt101,1899,CL4,O,,BB,CL4189906260,0,1,1899N1000,SWAP,,,
1899N1000,tuckt103,1899,CL4,O,,BB,CL4189906260,1,0,1899N0999,SWAP,,,
1899N1001,hamib101,1899,BSN,O,,BB,CL4189908291,1,0,1899N1002,SWAP,,,
1899N1002,tennf102,1899,BSN,O,,BB,CL4189908291,0,1,1899N1001,SWAP,,,
1899N1003,hoy-d101,1899,LS3,O,,AB,LS3189909242,3,4,,,,,
1899N1004,kellm103,1899,LS3,O,,AB,LS3189909242,3,4,,,,,
1899N1005,ritcc101,1899,LS3,O,,AB,LS3189909242,3,4,,,,,
1899N1006,wagnh101,1899,LS3,O,,AB,LS3189909242,3,4,,,,,
1899N1007,peith101,1899,CIN,O,,AB,CIN189908260,4,3,,,,,
1899N1008,steih101,1899,CIN,O,,AB,CIN189908260,0,1,,,,,
1899N1009,clinb101,1899,LS3,O,,AB,CIN189909031,4,3,,,,,
1899N1010,ritcc101,1899,LS3,O,,AB,CIN189909031,4,3,,,,,
1899N1011,philb101,1899,CIN,O,,AB,CIN189909051,4,5,,,,,
1899N1012,carsk102,1899,CL4,O,,AB,LS3189904221,2,3,,,,,
1899N1013,carsk102,1899,CL4,O,,BB,LS3189904221,1,0,,,,,
1899N1014,hoy-d101,1899,LS3,O,,BB,LS3189904221,1,0,,,,,
1899N1015,quinj103,1899,CL4,O,,BB,LS3189904221,1,0,,,,,
1899N1016,stivj101,1899,CL4,O,,BB,LS3189904221,1,0,,,,,
1899N1017,kittm101,1899,LS3,O,,BB,LS3189905230,1,0,1899N1016,SWAP,,,
1899N1018,hoy-d101,1899,LS3,O,,BB,LS3189905250,1,0,1899N1019,SWAP,,,
1899N1019,kittm101,1899,LS3,O,,BB,LS3189905250,1,2,1899N1018,SWAP,,,
1899N1020,barrs101,1899,WSN,O,,AB,LS3189906260,4,3,,,,,
1899N1021,clarf101,1899,LS3,O,,AB,LS3189907301,5,4,,,,,
1899N1022,mcals101,1899,CL4,O,,AB,LS3189907302,6,5,,,,,
1899N1023,donar101,1899,PHI,O,,AB,LS3189908300,3,2,,,,,
1899N1024,dougk101,1899,PHI,O,,AB,LS3189908300,2,3,,,,,
1899N1025,holmd101,1899,BLN,O,,AB,NY1189904220,2,4,,,,,
1899N1026,fishl101,1899,NY1,O,,AB,NY1189905030,3,4,,PAA,,,
1899N1028,weyhg101,1899,WSN,P,,H,NY1189905050,11,12,,OPP,,,
1899N1029,latha101,1899,WSN,O,,AB,NY1189905060,1,0,,,,,
1899N1030,dohee101,1899,NY1,P,,BB,NY1189905080,1,2,,OPP,,,
1899N1031,clarb103,1899,BSN,O,,BB,NY1189906100,2,1,,,,,
1899N1032,collj103,1899,BSN,O,,BB,NY1189906100,0,1,,,,,
1899N1033,gleak101,1899,NY1,O,,BB,NY1189906100,0,1,,,,,
1899N1034,loweb101,1899,BSN,O,,BB,NY1189906100,1,0,,,,,
1899N1035,stahc101,1899,BSN,O,,BB,NY1189906100,0,1,,,,,
1899N1036,vanhg101,1899,NY1,O,,BB,NY1189906100,1,0,,,,,
1899N1037,bonnf101,1899,WSN,O,,BB,NY1189907041,1,0,1899N1038,SWAP,,,
1899N1038,freeb102,1899,WSN,O,,BB,NY1189907041,0,1,1899N1037,SWAP,,,
1899N1039,donop101,1899,PIT,O,,AB,NY1189907110,5,4,,,,,
1899N1040,langb102,1899,CHN,O,,AB,NY1189907180,5,4,,,,,
1899N1041,doylj103,1899,NY1,O,,AB,NY1189907200,3,4,,,,,
1899N1042,doylj103,1899,NY1,O,,AB,NY1189908090,3,4,,,,,
1899N1043,doylj103,1899,NY1,O,,AB,NY1189908121,4,5,,,,,
1899N1044,gradm101,1899,NY1,O,,AB,NY1189908121,5,4,,,,,
1899N1045,obrit101,1899,NY1,O,,AB,NY1189908121,5,4,,,,,
1899N1046,warnj103,1899,NY1,O,,AB,NY1189908121,3,4,,,,,
1899N1047,doylj103,1899,NY1,O,,R,NY1189908121,2,1,1899N1048,SWAP,,,
1899N1048,fostp101,1899,NY1,O,,R,NY1189908121,0,1,1899N1047,SWAP,,,
1899N1049,gleak101,1899,NY1,O,,AB,NY1189908180,4,2,,,,,
1899N1050,obrit101,1899,NY1,O,,AB,NY1189908180,4,3,,,,,
1899N1051,goecb101,1899,PHI,O,,AB,NY1189908190,3,2,,,,,
1899N1052,fostp101,1899,NY1,O,,AB,NY1189908212,4,5,,PAA,,,
1899N1053,gradm101,1899,NY1,O,,AB,NY1189908220,4,3,,,,,
1899N1054,gradm101,1899,NY1,O,,BB,NY1189908220,0,1,,,,,
1899N1055,vanhg101,1899,NY1,O,,BB,NY1189908220,2,1,,,,,
1899N1056,obrit101,1899,NY1,O,,AB,NY1189909080,2,4,,PAA,,,
1899N1057,martf102,1899,NY1,O,,AB,NY1189909091,2,1,,,,,
1899N1058,vanhg101,1899,NY1,O,,AB,NY1189909091,2,3,,,,,
1899N1059,gradm101,1899,NY1,D,C,ERR,NY1189909091,1,0,,,,,
1899N1060,gradm101,1899,NY1,D,3B,ERR,NY1189909091,1,2,,,,,
1899N1061,doylj103,1899,NY1,O,,AB,NY1189909092,4,5,,PAA,,,
1899N1062,calln101,1899,CHN,O,,BB,NY1189909140,0,1,1899N1063,SWAP,,,
1899N1063,magog101,1899,CHN,O,,BB,NY1189909140,2,1,1899N1062,SWAP,,,
1899N1064,warnj103,1899,NY1,O,,AB,NY1189909160,3,2,,,,,
1899N1065,doylj103,1899,NY1,O,,AB,NY1189909270,4,3,,,,,
1899N1066,piatw101,1899,PHI,O,,BB,PHI189904140,1,0,,OPP,,,
1899N1067,coold101,1899,PHI,O,,AB,PHI189904150,5,4,,,,,
1899N1068,bakek101,1899,WSN,O,,AB,PHI189904170,2,1,,,,,
1899N1071,mcjad101,1899,BRO,P,,BB,PHI189904240,4,1,,,,,
1899N1072,crosm101,1899,PHI,O,,BB,PHI189905060,1,0,,OPP,,,
1899N1073,bernb101,1899,PHI,P,,BB,PHI189905060,2,1,,,,,
1899N1074,donar101,1899,PHI,P,,BB,PHI189905060,0,2,,,,,
1899N1075,frasc101,1899,PHI,P,,BB,PHI189905060,3,2,,,,,
1899N1076,millr103,1899,BLN,P,,BB,PHI189905060,3,2,,,,,
1899N1079,colct101,1899,NY1,O,,AB,PHI189905130,3,1,,,,,
1899N1080,thomr101,1899,PHI,O,,AB,PHI189905130,3,2,,,,,
1899N1081,thomr101,1899,PHI,O,,AB,PHI189905301,4,5,,PAA,,,
1899N1082,flice101,1899,PHI,O,,BB,PHI189906050,0,1,1899N1083,SWAP,,,
1899N1083,mcfae101,1899,PHI,O,,BB,PHI189906050,1,0,1899N1082,SWAP,,,
1899N1084,bakek101,1899,WSN,P,,R,PHI189906090,6,7,,OPP,,,
1899N1085,obrij103,1899,WSN,O,,AB,PHI189906090,0,1,,PAA,,,
1899N1086,andej101,1899,BRO,O,,BB,PHI189907041,1,0,,,,,
1899N1087,cased101,1899,BRO,O,,BB,PHI189907041,1,0,,,,,
1899N1088,jennh101,1899,BRO,O,,BB,PHI189907041,0,2,,,,,
1899N1089,delae101,1899,PHI,O,,BB,PHI189907041,1,0,,,,,
1899N1090,thomr101,1899,PHI,O,,BB,PHI189907041,1,2,,,,,
1899N1091,grimj101,1899,BRO,O,,H,PHI189907041,1,2,,,,,
1899N1092,jonef102,1899,BRO,O,,H,PHI189907041,2,1,,,,,
1899N1093,dalyt101,1899,BRO,O,,H,PHI189907042,3,2,,,,,
1899N1094,hughj105,1899,BRO,O,,H,PHI189907042,1,0,,,,,
1899N1095,hughj105,1899,BRO,O,,BB,PHI189907042,1,0,,,,,
1899N1096,keelw101,1899,BRO,O,,BB,PHI189907042,0,1,,,,,
1899N1097,laudb101,1899,PHI,O,,BB,PHI189907042,1,0,,,,,
1899N1098,mageb101,1899,PHI,O,,BB,PHI189907042,0,1,,,,,
1899N1099,mageb101,1899,PHI,P,,H,PHI189907042,6,4,,,,,
1899N1100,mcfae101,1899,PHI,D,C,PB,PHI189907042,0,1,,,,,
1899N1101,hawlp101,1899,CIN,O,,AB,PHI189907140,1,3,,PAA,,,
1899N1102,mcgij101,1899,BLN,O,,AB,PHI189908040,3,2,,,,,
1899N1103,dolaj101,1899,PHI,O,,BB,PHI189909050,0,3,,PAA,,,
1899N1104,mcfae101,1899,PHI,O,,BB,PHI189909050,3,0,,PAA,,,
1899N1105,delae101,1899,PHI,O,,AB,PHI189909150,4,5,,PAA,,,
1899N1106,bernb101,1899,PHI,O,,AB,PHI189909180,3,4,,,,,
1899N1108,dolaj101,1899,PHI,O,,AB,PHI189909180,4,3,,,,,
1899N1109,goecb101,1899,PHI,O,,AB,PHI189909180,3,4,,,,,
1899N1110,laudb101,1899,PHI,O,,AB,PHI189909180,4,3,,,,,
1899N1111,steef101,1899,LS3,O,,AB,PHI189909180,4,3,,,,,
1899N1112,thomr101,1899,PHI,O,,AB,PHI189909180,3,4,,,,,
1899N1113,dolaj101,1899,PHI,O,,AB,PHI189910070,4,3,,,,,
1899N1114,mccrt101,1899,PIT,O,,BB,PIT189905080,1,2,,,,,
1899N1115,reith101,1899,PIT,O,,BB,PIT189905080,2,1,,,,,
1899N1116,schrp101,1899,PIT,O,,BB,PIT189905080,1,0,,,,,
1899N1117,spart101,1899,PIT,O,,BB,PIT189905080,1,2,,,,,
1899N1118,donop101,1899,PIT,O,,AB,PIT189905120,4,3,,,,,
1899N1119,lajon101,1899,PHI,O,,AB,PIT189905260,3,4,,,,,
1899N1120,calln101,1899,CHN,O,,AB,PIT189907050,2,3,,,,,
1899N1121,chanf101,1899,CHN,O,,AB,PIT189907050,4,3,,,,,
1899N1122,mccaj105,1899,PIT,O,,AB,PIT189907100,4,5,,PAA,,,
1899N1129,fox-p101,1899,PIT,O,,BB,PIT189909021,1,2,,,,,
1899N1130,spart101,1899,PIT,O,,BB,PIT189909021,1,0,,,,,
1899N1131,ritcc101,1899,LS3,O,,BB,PIT189910130,0,1,,OPP,,,
1899N1132,andej101,1899,BRO,O,,BB,SLN189905280,0,2,,,,,
1899N1133,dahlb102,1899,BRO,O,,BB,SLN189905280,2,0,,,,,
1899N1134,farrd102,1899,BRO,O,,BB,SLN189905280,1,0,,,,,
1899N1135,hughj105,1899,BRO,O,,BB,SLN189905280,0,1,,,,,
1899N1136,tuckt103,1899,CL4,O,,AB,SLN189907092,4,5,,PAA,,,
1899N1137,burkj101,1899,SLN,O,,AB,SLN189908220,4,3,,,,,
1899N1138,hoy-d101,1899,LS3,O,,AB,SLN189909241,4,3,,,,,
1899N1139,kellm103,1899,LS3,O,,AB,SLN189909241,4,3,,,,,
1899N1140,ritcc101,1899,LS3,O,,AB,SLN189909241,4,3,,,,,
1899N1141,wagnh101,1899,LS3,O,,AB,SLN189909241,4,3,,,,,
1899N1142,blakh101,1899,SLN,O,,AB,SLN189910020,5,4,,,,,
1899N1143,wallb101,1899,SLN,O,,AB,SLN189910030,5,4,,,,,
1899N1144,butld101,1899,WSN,O,,AB,WSN189906010,4,3,,,,,
1899N1145,gardj101,1899,PIT,O,,AB,WSN189906010,2,1,,,,,
1899N1146,leevs101,1899,PIT,O,,AB,WSN189906010,0,1,,,,,
1899N1147,heide101,1899,SLN,O,,BB,WSN189906050,1,0,1899N1148,SWAP,,,
1899N1148,schro101,1899,SLN,O,,BB,WSN189906050,0,1,1899N1147,SWAP,,,
1899N1149,butld101,1899,WSN,O,,AB,WSN189906132,3,4,,PAA,,,
1899N1150,powem102,1899,LS3,O,,BB,WSN189907140,0,1,,OPP,,,
1899N1151,barrs101,1899,WSN,O,,AB,WSN189907211,1,2,,PAA,,,
1899N1152,mcmaf101,1899,WSN,O,,AB,WSN189909160,4,5,,PAA,,,
1899N1153,dowdt101,1899,CL4,O,,AB,WSN189909182,3,2,,,,,
1899N1194,mcals101,1899,CL4,O,,AB,WSN189909182,3,4,,,,,
1899N1195,clinb101,1899,LS3,O,,AB,WSN189909202,3,4,,,,,
1899N1196,kellm103,1899,LS3,O,,BB,WSN189909202,2,0,1899N1197,SWAP,,,
1899N1197,steef101,1899,LS3,O,,BB,WSN189909202,0,2,1899N1196,SWAP,,,
1899N1198,mcgad102,1899,WSN,O,,AB,WSN189910032,2,3,,,,,
1899N1199,davig102,1899,NY1,O,,AB,WSN189910130,3,4,,,,,
1899N1200,kittm101,1899,WSN,O,,BB,WSN189910130,1,0,,,,,
1899N1201,schef101,1899,WSN,O,,BB,WSN189910130,1,2,,,,,
1899N1202,schef101,1899,WSN,O,,AB,WSN189910130,3,2,,,,,
1899N1203,mcfad101,1899,WSN,O,,BB,WSN189910140,0,1,1899N1204,SWAP,,,
1899N1204,slagj102,1899,WSN,O,,BB,WSN189910140,2,1,1899N1203,SWAP,,,
1899N1205,sugdj101,1899,CL4,O,,AB,BSN189906010,3,2,,,,,
1899N1206,hoy-d101,1899,LS3,O,,AB,BSN189906070,3,4,,,,,
1899N1207,collj103,1899,BSN,O,,AB,BSN189906150,3,2,,,,,
1899N1208,cunnb103,1899,LS3,P,,BB,LS3189904221,4,0,,,,,
1899N1209,hughj102,1899,CL4,P,,BB,LS3189904221,1,0,,,,,
1899N1210,hartt102,1899,LS3,O,,BB,LS3189905230,0,1,1899N1017,SWAP,,,
1899N1211,powem102,1899,LS3,O,,BB,WSN189907150,1,0,,OPP,,,
1899N1212,piatw101,1899,PHI,O,,AB,PHI189909150,3,4,,PAA,,,
1899N1214,waddr101,1899,LS3,P,,BB,CHN189910082,3,0,,OPP,,,
1899N1215,mccrt101,1899,PIT,D,OF,CFG,PHI189906020,1,0,,,,ICI sheet is missing game,
1899N1216,crosm101,1899,PHI,O,,AB,PHI189909180,4,5,,,,,
1899N1217,coold101,1899,PHI,O,,BB,PHI189904240,1,0,,,,,
1899N1218,thomr101,1899,PHI,O,,BB,PHI189904240,3,1,,,,,
1899N1219,thomr101,1899,PHI,O,,BB,CIN189906220,0,1,,,,,
1899N1222,dowdt101,1899,CL4,O,,BB,LS3189904221,1,0,,,,,
1899N1223,bradb102,1899,CHN,O,,BB,CHN189910082,1,0,,,,,
1899N1224,chanf101,1899,CHN,O,,BB,CHN189910082,2,0,,,,,
1899N1225,mcgij101,1899,BLN,O,,AB,BLN189908221,4,5,,,,,
1899N1226,dahlb102,1899,BRO,O,,AB,BRO189907100,3,4,,,,,
1899N1227,dalyt101,1899,BRO,O,,AB,BRO189907100,4,3,,,,,
1899N1228,meekj101,1899,NY1,P,,BB,CHN189906180,0,1,,OPP,,,
1899N1229,mcgij101,1899,BLN,P,,BB,CIN189906251,6,5,,OPP,,,
1899N1230,nopsj101,1899,BLN,P,,BB,CIN189906252,3,4,,OPP,,,
1899N1231,taylj102,1899,CIN,P,,ER,CIN189908310,8,9,,,,,
1899N1232,irwic101,1899,CIN,O,,BB,CIN189908231,0,1,1899N1233,SWAP,,,
1899N1233,mcphb101,1899,CIN,O,,BB,CIN189908231,1,0,1899N1232,SWAP,,,
1899N1234,beckj103,1899,CIN,O,,SB,CIN189908232,1,2,,,,,
1899N1235,irwic101,1899,CIN,O,,SB,CIN189908232,0,1,,,,,
1899N1236,peith101,1899,CIN,O,,2B,CIN189908232,1,0,,,,,
1899N1237,schrp101,1899,PIT,O,,RBI,CIN189908232,0,1,,,,,
1899N1238,phild101,1899,LS3,P,,ER,CIN189910060,7,6,,,,,
1899N1239,collh101,1899,CL4,P,,ER,CIN189910120,5,6,,,,,
1899N1240,sulls102,1899,CL4,O,,AB,CL4189905230,2,1,,,,,
1899N1241,dextc101,1899,LS3,O,,AB,NY1189906020,6,5,,,,,
1899N1244,connj106,1899,CHN,O,,AB,PHI189908150,4,3,,,,,
1899N1245,greed103,1899,CHN,O,,AB,PHI189908150,4,3,,,,,
1899N1246,mcgad102,1899,WSN,O,,AB,SLN189908280,5,6,,PAA,,,
1899N1247,hoy-d101,1899,LS3,O,,AB,SLN189909050,4,5,,PAA,,,
1899N1248,cassp101,1899,WSN,O,,AB,WSN189906050,3,2,,,,,
1899N1249,dinnb101,1899,WSN,P,,ER,LS3189909020,11,10,,,,,
1899N1250,nichk101,1899,BSN,P,,IP,BSN189909221,9,8,,,,,
1899N1251,dohee101,1899,NY1,P,,BB,BRO189906150,3,2,,,,ICI missing stats for last 1.1 IP,
1899N1252,mcgad102,1899,BRO,O,,BB,BRO189906150,1,0,,,,ICI missing stats for last 1.1 IP,
1899N1253,vanhg101,1899,NY1,O,,AB,BRO189906150,3,2,,,,ICI missing stats for last 1.1 IP,
1899N1254,doylj103,1899,NY1,O,,AB,BRO189906150,3,2,,,,ICI missing stats for last 1.1 IP,
1899N1255,gleak101,1899,NY1,O,,AB,BRO189906150,3,2,,,,ICI missing stats for last 1.1 IP,
1899N1256,dalyt101,1899,BRO,O,,AB,BRO189906150,3,2,,,,ICI missing stats for last 1.1 IP,
1899N1260,mageb101,1899,LS3,P,,IP,LS3189905240,9,8.2,,,,,
1899N1261,fostp101,1899,NY1,O,,AB,NY1189909122,3,4,,,,,
1899N1262,gleak101,1899,NY1,O,,AB,NY1189909122,3,4,,,,,
1899N1263,nicha101,1899,CHN,O,,R,CHN189905220,1,0,1899N1264,SWAP,,Nichols PR for Donahue,
1899N1264,donat101,1899,CHN,O,,R,CHN189905220,0,1,1899N1263,SWAP,,Nichols PR for Donahue,
1899N1265,mcbra101,1899,CIN,O,,R,CIN189905220,0,1,1899N1266,SWAP,,Miller PR for McBride,
1899N1266,milld105,1899,CIN,O,,R,CIN189905220,1,0,1899N1265,SWAP,,Miller PR for McBride,
1899N1267,phild101,1899,LS3,O,,R,CHN189908202,1,0,1899N1268,SWAP,,Phillippe PR for Dexter,
1899N1268,dextc101,1899,LS3,O,,R,CHN189908202,0,1,1899N1268,SWAP,,Phillippe PR for Dexter,
1899N1269,fox-p101,1899,PIT,O,,RBI,CHN189909050,1,0,,,,ICI shows Fox with HR but 0 RBI,
1899N1270,ritcc101,1899,LS3,O,,RBI,LS3189909020,3,1,,,,,
1899N1271,willj106,1899,PIT,O,,RBI,SLN189910030,2,1,,,,,
1899N1272,freeb102,1899,WSN,O,,RBI,WSN189907120,3,2,,,,,
1899N1273,irwic101,1899,CIN,O,,RBI,CIN189908290,2,0,,,,,
1899N1274,hughj102,1899,CL4,O,,BB,CL4189906120,0,1,1899N1275,SWAP,,Stivetts PH for Hughes,
1899N1275,stivj101,1899,CL4,O,,BB,CL4189906120,1,0,1899N1274,SWAP,,Stivetts PH for Hughes,
1899N1276,holmd101,1899,BLN,O,,SB,NY1189904210,0,1,1899N1277,SWAP,,,
1899N1277,keisb101,1899,BLN,O,,SB,NY1189904210,1,0,1899N1276,SWAP,,,
1899N1278,longh101,1899,BSN,O,,H,PHI189904270,0,1,1899N1279,SWAP,,Stafford PH for Long,
1899N1279,stafg101,1899,BSN,O,,H,PHI189904270,1,0,1899N1278,SWAP,,Stafford PH for Long,
1899N1280,blakh101,1899,SLN,O,,RBI,SLN189908232,2,0,,,,,
1899N1281,freeb102,1899,WSN,P,,ER,BLN189908221,1,0,,,,,
1899N1282,taylj101,1899,CHN,P,,ER,CIN189904230,4,2,,,,,
1899N1283,chilp101,1899,PHI,O,,R,BLN189910040,1,2,,,,,
1899N1284,dougk101,1899,PHI,O,,R,BLN189910040,1,0,,,,,
1899N1285,flice101,1899,PHI,O,,R,BLN189910040,2,1,,,,,
1899N1286,frasc101,1899,PHI,O,,R,BLN189910040,0,1,,,,,
1899N1287,leevs101,1899,PIT,P,,SO,PIT189905240,5,2,,,,,
1899N1288,hughj102,1899,CL4,P,,SO,BSN189905310,2,1,,,,,
1899N1291,howeh101,1899,BLN,P,,R,BLN189907110,0,3,,,,,
1899N1292,mcgij101,1899,BLN,P,,R,BLN189907110,6,3,,,,,
1899N1293,hughj102,1899,CL4,P,,R,BSN189905310,6,8,,,,,
1899N1294,stivj101,1899,CL4,P,,R,BSN189905310,7,5,,,,,
1899N1295,leevs101,1899,PIT,P,,R,PHI189908080,4,1,,,,,
1899N1296,tannj101,1899,PIT,P,,R,PHI189908080,1,4,,,,,
1899N1297,dowlp101,1899,LS3,P,,R,PIT189905060,8,10,,,,,
1899N1298,woodw102,1899,LS3,P,,R,PIT189905060,2,0,,,,,
1899N1299,mcbrp101,1899,SLN,P,,R,SLN189907290,4,3,,,,,
1899N1300,powej105,1899,SLN,P,,R,SLN189907290,2,3,,,,,
1899N1301,powej105,1899,SLN,P,,R,SLN189908272,7,6,,,,,
1899N1302,sudhw101,1899,SLN,P,,R,SLN189908272,8,9,,,,,
1899N1303,mcbrp101,1899,SLN,P,,R,SLN189908280,6,4,,,,,
1899N1304,younc102,1899,SLN,P,,R,SLN189908280,1,3,,,,,
1899N1305,carrb102,1899,NY1,P,,R,WSN189904280,8,11,,,,,
1899N1306,colct101,1899,NY1,P,,R,WSN189904280,2,1,,,,,
1899N1307,sechd101,1899,NY1,P,,R,WSN189904280,2,0,,,,,
